<?xml version="1.0" encoding="utf-8"?>
<COLLADA xmlns="http://www.collada.org/2005/11/COLLADASchema" version="1.4.1">
  <asset>
    <contributor>
      <author>Blender User</author>
      <authoring_tool>Blender 2.73.0 commit date:2015-01-20, commit time:18:16, hash:bbf09d9</authoring_tool>
    </contributor>
    <created>2015-03-25T21:50:40</created>
    <modified>2015-03-25T21:50:40</modified>
    <unit name="meter" meter="1"/>
    <up_axis>Z_UP</up_axis>
  </asset>
  <library_cameras>
    <camera id="Camera-camera" name="Camera">
      <optics>
        <technique_common>
          <perspective>
            <xfov sid="xfov">49.13434</xfov>
            <aspect_ratio>1.777778</aspect_ratio>
            <znear sid="znear">0.1</znear>
            <zfar sid="zfar">100</zfar>
          </perspective>
        </technique_common>
      </optics>
      <extra>
        <technique profile="blender">
          <YF_dofdist>0</YF_dofdist>
          <shiftx>0</shiftx>
          <shifty>0</shifty>
        </technique>
      </extra>
    </camera>
  </library_cameras>
  <library_lights>
    <light id="Lamp-light" name="Lamp">
      <technique_common>
        <point>
          <color sid="color">1 1 1</color>
          <constant_attenuation>1</constant_attenuation>
          <linear_attenuation>0</linear_attenuation>
          <quadratic_attenuation>0.00111109</quadratic_attenuation>
        </point>
      </technique_common>
      <extra>
        <technique profile="blender">
          <adapt_thresh>0.000999987</adapt_thresh>
          <area_shape>1</area_shape>
          <area_size>0.1</area_size>
          <area_sizey>0.1</area_sizey>
          <area_sizez>1</area_sizez>
          <atm_distance_factor>1</atm_distance_factor>
          <atm_extinction_factor>1</atm_extinction_factor>
          <atm_turbidity>2</atm_turbidity>
          <att1>0</att1>
          <att2>1</att2>
          <backscattered_light>1</backscattered_light>
          <bias>1</bias>
          <blue>1</blue>
          <buffers>1</buffers>
          <bufflag>0</bufflag>
          <bufsize>2880</bufsize>
          <buftype>2</buftype>
          <clipend>30.002</clipend>
          <clipsta>1.000799</clipsta>
          <compressthresh>0.04999995</compressthresh>
          <dist sid="blender_dist">29.99998</dist>
          <energy sid="blender_energy">1</energy>
          <falloff_type>2</falloff_type>
          <filtertype>0</filtertype>
          <flag>0</flag>
          <gamma sid="blender_gamma">1</gamma>
          <green>1</green>
          <halo_intensity sid="blnder_halo_intensity">1</halo_intensity>
          <horizon_brightness>1</horizon_brightness>
          <mode>8192</mode>
          <ray_samp>1</ray_samp>
          <ray_samp_method>1</ray_samp_method>
          <ray_samp_type>0</ray_samp_type>
          <ray_sampy>1</ray_sampy>
          <ray_sampz>1</ray_sampz>
          <red>1</red>
          <samp>3</samp>
          <shadhalostep>0</shadhalostep>
          <shadow_b sid="blender_shadow_b">0</shadow_b>
          <shadow_g sid="blender_shadow_g">0</shadow_g>
          <shadow_r sid="blender_shadow_r">0</shadow_r>
          <sky_colorspace>0</sky_colorspace>
          <sky_exposure>1</sky_exposure>
          <skyblendfac>1</skyblendfac>
          <skyblendtype>1</skyblendtype>
          <soft>3</soft>
          <spotblend>0.15</spotblend>
          <spotsize>75</spotsize>
          <spread>1</spread>
          <sun_brightness>1</sun_brightness>
          <sun_effect_type>0</sun_effect_type>
          <sun_intensity>1</sun_intensity>
          <sun_size>1</sun_size>
          <type>0</type>
        </technique>
      </extra>
    </light>
  </library_lights>
  <library_images/>
  <library_geometries>
    <geometry id="Torus-mesh" name="Torus">
      <mesh>
        <source id="Torus-mesh-positions">
          <float_array id="Torus-mesh-positions-array" count="1728">1.25 0 0 1.216506 0 0.125 1.125 0 0.2165063 1 0 0.25 0.875 0 0.2165063 0.7834936 0 0.125 0.75 0 0 0.7834936 0 -0.125 0.875 0 -0.2165063 1 0 -0.25 1.125 0 -0.2165063 1.216506 0 -0.125 1.239306 0.1631577 0 1.206099 0.1587859 0.125 1.115375 0.1468419 0.2165063 0.9914449 0.1305261 0.25 0.8675143 0.1142104 0.2165063 0.7767907 0.1022664 0.125 0.7435837 0.0978946 0 0.7767907 0.1022664 -0.125 0.8675143 0.1142104 -0.2165063 0.9914449 0.1305261 -0.25 1.115375 0.1468419 -0.2165063 1.206099 0.1587859 -0.125 1.207407 0.3235238 0 1.175055 0.314855 0.125 1.086667 0.2911714 0.2165063 0.9659259 0.258819 0.25 0.8451852 0.2264666 0.2165063 0.7567967 0.202783 0.125 0.7244445 0.1941142 0 0.7567967 0.202783 -0.125 0.8451852 0.2264666 -0.2165063 0.9659259 0.258819 -0.25 1.086667 0.2911714 -0.2165063 1.175055 0.314855 -0.125 1.15485 0.4783542 0 1.123905 0.4655367 0.125 1.039365 0.4305188 0.2165063 0.9238796 0.3826833 0.25 0.8083947 0.3348479 0.2165063 0.7238538 0.29983 0.125 0.6929097 0.2870125 0 0.7238538 0.29983 -0.125 0.8083947 0.3348479 -0.2165063 0.9238796 0.3826833 -0.25 1.039365 0.4305188 -0.2165063 1.123905 0.4655367 -0.125 1.082532 0.6250001 0 1.053525 0.6082534 0.125 0.9742786 0.5625001 0.2165063 0.8660253 0.5000001 0.25 0.7577722 0.4375001 0.2165063 0.6785253 0.3917469 0.125 0.649519 0.3750001 0 0.6785253 0.3917469 -0.125 0.7577722 0.4375001 -0.2165063 0.8660253 0.5000001 -0.25 0.9742786 0.5625001 -0.2165063 1.053525 0.6082534 -0.125 0.9916918 0.7609516 0 0.9651195 0.740562 0.125 0.8925226 0.6848565 0.2165063 0.7933534 0.6087614 0.25 0.6941843 0.5326662 0.2165063 0.6215874 0.4769607 0.125 0.5950151 0.4565711 0 0.6215874 0.4769607 -0.125 0.6941843 0.5326662 -0.2165063 0.7933534 0.6087614 -0.25 0.8925226 0.6848565 -0.2165063 0.9651195 0.740562 -0.125 0.8838835 0.8838835 0 0.8601998 0.8601999 0.125 0.795495 0.7954952 0.2165063 0.7071067 0.7071068 0.25 0.6187183 0.6187185 0.2165063 0.5540136 0.5540137 0.125 0.53033 0.5303301 0 0.5540136 0.5540137 -0.125 0.6187183 0.6187185 -0.2165063 0.7071067 0.7071068 -0.25 0.795495 0.7954952 -0.2165063 0.8601998 0.8601999 -0.125 0.7609519 0.9916915 0 0.7405623 0.9651193 0.125 0.6848567 0.8925223 0.2165063 0.6087616 0.7933532 0.25 0.5326663 0.6941841 0.2165063 0.4769608 0.6215872 0.125 0.4565712 0.5950149 0 0.4769608 0.6215872 -0.125 0.5326663 0.6941841 -0.2165063 0.6087616 0.7933532 -0.25 0.6848567 0.8925223 -0.2165063 0.7405623 0.9651193 -0.125 0.625 1.082532 0 0.6082533 1.053525 0.125 0.5625 0.9742786 0.2165063 0.5 0.8660254 0.25 0.4375 0.7577722 0.2165063 0.3917468 0.6785254 0.125 0.375 0.649519 0 0.3917468 0.6785254 -0.125 0.4375 0.7577722 -0.2165063 0.5 0.8660254 -0.25 0.5625 0.9742786 -0.2165063 0.6082533 1.053525 -0.125 0.4783545 1.154849 0 0.465537 1.123905 0.125 0.4305191 1.039364 0.2165063 0.3826836 0.9238794 0.25 0.3348482 0.8083945 0.2165063 0.2998301 0.7238536 0.125 0.2870127 0.6929096 0 0.2998301 0.7238536 -0.125 0.3348482 0.8083945 -0.2165063 0.3826836 0.9238794 -0.25 0.4305191 1.039364 -0.2165063 0.465537 1.123905 -0.125 0.3235238 1.207407 0 0.314855 1.175055 0.125 0.2911714 1.086666 0.2165063 0.258819 0.9659258 0.25 0.2264666 0.8451851 0.2165063 0.202783 0.7567967 0.125 0.1941142 0.7244443 0 0.202783 0.7567967 -0.125 0.2264666 0.8451851 -0.2165063 0.258819 0.9659258 -0.25 0.2911714 1.086666 -0.2165063 0.314855 1.175055 -0.125 0.1631575 1.239306 0 0.1587857 1.206099 0.125 0.1468418 1.115375 0.2165063 0.130526 0.9914449 0.25 0.1142103 0.8675143 0.2165063 0.1022663 0.7767907 0.125 0.09789454 0.7435837 0 0.1022663 0.7767907 -0.125 0.1142103 0.8675143 -0.2165063 0.130526 0.9914449 -0.25 0.1468418 1.115375 -0.2165063 0.1587857 1.206099 -0.125 0 1.25 0 1.19209e-7 1.216506 0.125 1.19209e-7 1.125 0.2165063 0 1 0.25 0 0.8750001 0.2165063 0 0.7834937 0.125 0 0.75 0 0 0.7834937 -0.125 0 0.8750001 -0.2165063 0 1 -0.25 1.19209e-7 1.125 -0.2165063 1.19209e-7 1.216506 -0.125 -0.1631579 1.239306 0 -0.1587861 1.206099 0.125 -0.1468421 1.115375 0.2165063 -0.1305264 0.9914448 0.25 -0.1142106 0.8675143 0.2165063 -0.1022665 0.7767907 0.125 -0.09789478 0.7435836 0 -0.1022665 0.7767907 -0.125 -0.1142106 0.8675143 -0.2165063 -0.1305264 0.9914448 -0.25 -0.1468421 1.115375 -0.2165063 -0.1587861 1.206099 -0.125 -0.3235237 1.207407 0 -0.3148549 1.175055 0.125 -0.2911713 1.086667 0.2165063 -0.2588189 0.9659259 0.25 -0.2264665 0.8451852 0.2165063 -0.202783 0.7567968 0.125 -0.1941142 0.7244444 0 -0.202783 0.7567968 -0.125 -0.2264665 0.8451852 -0.2165063 -0.2588189 0.9659259 -0.25 -0.2911713 1.086667 -0.2165063 -0.3148549 1.175055 -0.125 -0.4783545 1.154849 0 -0.465537 1.123905 0.125 -0.430519 1.039364 0.2165063 -0.3826835 0.9238795 0.25 -0.3348481 0.8083946 0.2165063 -0.2998301 0.7238537 0.125 -0.2870126 0.6929097 0 -0.2998301 0.7238537 -0.125 -0.3348481 0.8083946 -0.2165063 -0.3826835 0.9238795 -0.25 -0.430519 1.039364 -0.2165063 -0.465537 1.123905 -0.125 -0.6249999 1.082532 0 -0.6082531 1.053525 0.125 -0.5625 0.9742787 0.2165063 -0.5 0.8660255 0.25 -0.4374999 0.7577723 0.2165063 -0.3917467 0.6785255 0.125 -0.3749999 0.6495191 0 -0.3917467 0.6785255 -0.125 -0.4374999 0.7577723 -0.2165063 -0.5 0.8660255 -0.25 -0.5625 0.9742787 -0.2165063 -0.6082531 1.053525 -0.125 -0.7609518 0.9916917 0 -0.7405623 0.9651194 0.125 -0.6848567 0.8925225 0.2165063 -0.6087615 0.7933533 0.25 -0.5326663 0.6941842 0.2165063 -0.4769608 0.6215873 0.125 -0.4565711 0.595015 0 -0.4769608 0.6215873 -0.125 -0.5326663 0.6941842 -0.2165063 -0.6087615 0.7933533 -0.25 -0.6848567 0.8925225 -0.2165063 -0.7405623 0.9651194 -0.125 -0.8838836 0.8838832 0 -0.8602001 0.8601997 0.125 -0.7954953 0.7954949 0.2165063 -0.707107 0.7071066 0.25 -0.6187186 0.6187183 0.2165063 -0.5540138 0.5540135 0.125 -0.5303302 0.53033 0 -0.5540138 0.5540135 -0.125 -0.6187186 0.6187183 -0.2165063 -0.707107 0.7071066 -0.25 -0.7954953 0.7954949 -0.2165063 -0.8602001 0.8601997 -0.125 -0.9916916 0.7609518 0 -0.9651194 0.7405622 0.125 -0.8925225 0.6848567 0.2165063 -0.7933533 0.6087614 0.25 -0.6941842 0.5326663 0.2165063 -0.6215873 0.4769607 0.125 -0.595015 0.4565711 0 -0.6215873 0.4769607 -0.125 -0.6941842 0.5326663 -0.2165063 -0.7933533 0.6087614 -0.25 -0.8925225 0.6848567 -0.2165063 -0.9651194 0.7405622 -0.125 -1.082532 0.6250004 0 -1.053525 0.6082535 0.125 -0.9742786 0.5625004 0.2165063 -0.8660253 0.5000003 0.25 -0.7577722 0.4375002 0.2165063 -0.6785253 0.3917471 0.125 -0.649519 0.3750002 0 -0.6785253 0.3917471 -0.125 -0.7577722 0.4375002 -0.2165063 -0.8660253 0.5000003 -0.25 -0.9742786 0.5625004 -0.2165063 -1.053525 0.6082535 -0.125 -1.154849 0.4783543 0 -1.123905 0.4655369 0.125 -1.039364 0.4305189 0.2165063 -0.9238795 0.3826835 0.25 -0.8083945 0.3348481 0.2165063 -0.7238537 0.2998301 0.125 -0.6929095 0.2870126 0 -0.7238537 0.2998301 -0.125 -0.8083945 0.3348481 -0.2165063 -0.9238795 0.3826835 -0.25 -1.039364 0.4305189 -0.2165063 -1.123905 0.4655369 -0.125 -1.207407 0.3235237 0 -1.175055 0.3148549 0.125 -1.086667 0.2911713 0.2165063 -0.9659259 0.2588189 0.25 -0.8451852 0.2264665 0.2165063 -0.7567967 0.2027829 0.125 -0.7244445 0.1941142 0 -0.7567967 0.2027829 -0.125 -0.8451852 0.2264665 -0.2165063 -0.9659259 0.2588189 -0.25 -1.086667 0.2911713 -0.2165063 -1.175055 0.3148549 -0.125 -1.239306 0.1631579 0 -1.206099 0.1587861 0.125 -1.115375 0.1468421 0.2165063 -0.9914449 0.1305263 0.25 -0.8675143 0.1142105 0.2165063 -0.7767907 0.1022665 0.125 -0.7435837 0.09789472 0 -0.7767907 0.1022665 -0.125 -0.8675143 0.1142105 -0.2165063 -0.9914449 0.1305263 -0.25 -1.115375 0.1468421 -0.2165063 -1.206099 0.1587861 -0.125 -1.25 0 0 -1.216506 0 0.125 -1.125 0 0.2165063 -1 0 0.25 -0.875 0 0.2165063 -0.7834936 0 0.125 -0.75 0 0 -0.7834936 0 -0.125 -0.875 0 -0.2165063 -1 0 -0.25 -1.125 0 -0.2165063 -1.216506 0 -0.125 -1.239306 -0.1631579 0 -1.206099 -0.1587861 0.125 -1.115375 -0.1468421 0.2165063 -0.9914449 -0.1305263 0.25 -0.8675143 -0.1142105 0.2165063 -0.7767907 -0.1022665 0.125 -0.7435837 -0.09789472 0 -0.7767907 -0.1022665 -0.125 -0.8675143 -0.1142105 -0.2165063 -0.9914449 -0.1305263 -0.25 -1.115375 -0.1468421 -0.2165063 -1.206099 -0.1587861 -0.125 -1.207407 -0.3235237 0 -1.175055 -0.3148549 0.125 -1.086667 -0.2911713 0.2165063 -0.9659259 -0.2588189 0.25 -0.8451852 -0.2264665 0.2165063 -0.7567967 -0.2027829 0.125 -0.7244445 -0.1941142 0 -0.7567967 -0.2027829 -0.125 -0.8451852 -0.2264665 -0.2165063 -0.9659259 -0.2588189 -0.25 -1.086667 -0.2911713 -0.2165063 -1.175055 -0.3148549 -0.125 -1.15485 -0.4783538 0 -1.123906 -0.4655364 0.125 -1.039365 -0.4305185 0.2165063 -0.9238796 -0.382683 0.25 -0.8083947 -0.3348477 0.2165063 -0.7238538 -0.2998297 0.125 -0.6929097 -0.2870123 0 -0.7238538 -0.2998297 -0.125 -0.8083947 -0.3348477 -0.2165063 -0.9238796 -0.382683 -0.25 -1.039365 -0.4305185 -0.2165063 -1.123906 -0.4655364 -0.125 -1.082532 -0.6249998 0 -1.053526 -0.608253 0.125 -0.9742787 -0.5624998 0.2165063 -0.8660255 -0.4999998 0.25 -0.7577724 -0.4374999 0.2165063 -0.6785255 -0.3917467 0.125 -0.6495192 -0.3749999 0 -0.6785255 -0.3917467 -0.125 -0.7577724 -0.4374999 -0.2165063 -0.8660255 -0.4999998 -0.25 -0.9742787 -0.5624998 -0.2165063 -1.053526 -0.608253 -0.125 -0.9916916 -0.7609518 0 -0.9651194 -0.7405622 0.125 -0.8925225 -0.6848567 0.2165063 -0.7933533 -0.6087614 0.25 -0.6941842 -0.5326663 0.2165063 -0.6215873 -0.4769607 0.125 -0.595015 -0.4565711 0 -0.6215873 -0.4769607 -0.125 -0.6941842 -0.5326663 -0.2165063 -0.7933533 -0.6087614 -0.25 -0.8925225 -0.6848567 -0.2165063 -0.9651194 -0.7405622 -0.125 -0.8838836 -0.8838832 0 -0.8602001 -0.8601997 0.125 -0.7954953 -0.7954949 0.2165063 -0.707107 -0.7071066 0.25 -0.6187186 -0.6187183 0.2165063 -0.5540138 -0.5540135 0.125 -0.5303302 -0.53033 0 -0.5540138 -0.5540135 -0.125 -0.6187186 -0.6187183 -0.2165063 -0.707107 -0.7071066 -0.25 -0.7954953 -0.7954949 -0.2165063 -0.8602001 -0.8601997 -0.125 -0.7609524 -0.9916914 0 -0.7405627 -0.965119 0.125 -0.6848571 -0.8925222 0.2165063 -0.6087619 -0.793353 0.25 -0.5326666 -0.694184 0.2165063 -0.476961 -0.621587 0.125 -0.4565714 -0.5950148 0 -0.476961 -0.621587 -0.125 -0.5326666 -0.694184 -0.2165063 -0.6087619 -0.793353 -0.25 -0.6848571 -0.8925222 -0.2165063 -0.7405627 -0.965119 -0.125 -0.6249999 -1.082532 0 -0.6082531 -1.053525 0.125 -0.5625 -0.9742787 0.2165063 -0.5 -0.8660255 0.25 -0.4374999 -0.7577723 0.2165063 -0.3917467 -0.6785255 0.125 -0.3749999 -0.6495191 0 -0.3917467 -0.6785255 -0.125 -0.4374999 -0.7577723 -0.2165063 -0.5 -0.8660255 -0.25 -0.5625 -0.9742787 -0.2165063 -0.6082531 -1.053525 -0.125 -0.4783545 -1.154849 0 -0.465537 -1.123905 0.125 -0.430519 -1.039364 0.2165063 -0.3826835 -0.9238795 0.25 -0.3348481 -0.8083946 0.2165063 -0.2998301 -0.7238537 0.125 -0.2870126 -0.6929097 0 -0.2998301 -0.7238537 -0.125 -0.3348481 -0.8083946 -0.2165063 -0.3826835 -0.9238795 -0.25 -0.430519 -1.039364 -0.2165063 -0.465537 -1.123905 -0.125 -0.3235242 -1.207407 0 -0.3148553 -1.175055 0.125 -0.2911717 -1.086666 0.2165063 -0.2588194 -0.9659258 0.25 -0.2264668 -0.8451851 0.2165063 -0.2027833 -0.7567967 0.125 -0.1941145 -0.7244443 0 -0.2027833 -0.7567967 -0.125 -0.2264668 -0.8451851 -0.2165063 -0.2588194 -0.9659258 -0.25 -0.2911717 -1.086666 -0.2165063 -0.3148553 -1.175055 -0.125 -0.1631585 -1.239306 0 -0.1587867 -1.206099 0.125 -0.1468426 -1.115375 0.2165063 -0.1305268 -0.9914447 0.25 -0.1142109 -0.8675141 0.2165063 -0.1022669 -0.7767906 0.125 -0.09789508 -0.7435835 0 -0.1022669 -0.7767906 -0.125 -0.1142109 -0.8675141 -0.2165063 -0.1305268 -0.9914447 -0.25 -0.1468426 -1.115375 -0.2165063 -0.1587867 -1.206099 -0.125 0 -1.25 0 1.19209e-7 -1.216506 0.125 1.19209e-7 -1.125 0.2165063 0 -1 0.25 0 -0.8750001 0.2165063 0 -0.7834937 0.125 0 -0.75 0 0 -0.7834937 -0.125 0 -0.8750001 -0.2165063 0 -1 -0.25 1.19209e-7 -1.125 -0.2165063 1.19209e-7 -1.216506 -0.125 0.1631575 -1.239306 0 0.1587857 -1.206099 0.125 0.1468418 -1.115375 0.2165063 0.130526 -0.9914449 0.25 0.1142103 -0.8675143 0.2165063 0.1022663 -0.7767907 0.125 0.09789454 -0.7435837 0 0.1022663 -0.7767907 -0.125 0.1142103 -0.8675143 -0.2165063 0.130526 -0.9914449 -0.25 0.1468418 -1.115375 -0.2165063 0.1587857 -1.206099 -0.125 0.3235232 -1.207407 0 0.3148545 -1.175055 0.125 0.2911709 -1.086667 0.2165063 0.2588186 -0.9659259 0.25 0.2264662 -0.8451852 0.2165063 0.2027827 -0.7567968 0.125 0.1941139 -0.7244445 0 0.2027827 -0.7567968 -0.125 0.2264662 -0.8451852 -0.2165063 0.2588186 -0.9659259 -0.25 0.2911709 -1.086667 -0.2165063 0.3148545 -1.175055 -0.125 0.4783545 -1.154849 0 0.465537 -1.123905 0.125 0.4305191 -1.039364 0.2165063 0.3826836 -0.9238794 0.25 0.3348482 -0.8083945 0.2165063 0.2998301 -0.7238536 0.125 0.2870127 -0.6929096 0 0.2998301 -0.7238536 -0.125 0.3348482 -0.8083945 -0.2165063 0.3826836 -0.9238794 -0.25 0.4305191 -1.039364 -0.2165063 0.465537 -1.123905 -0.125 0.625 -1.082532 0 0.6082533 -1.053525 0.125 0.5625 -0.9742786 0.2165063 0.5 -0.8660254 0.25 0.4375 -0.7577722 0.2165063 0.3917468 -0.6785254 0.125 0.375 -0.649519 0 0.3917468 -0.6785254 -0.125 0.4375 -0.7577722 -0.2165063 0.5 -0.8660254 -0.25 0.5625 -0.9742786 -0.2165063 0.6082533 -1.053525 -0.125 0.7609515 -0.991692 0 0.740562 -0.9651196 0.125 0.6848564 -0.8925228 0.2165063 0.6087613 -0.7933536 0.25 0.5326662 -0.6941843 0.2165063 0.4769605 -0.6215875 0.125 0.4565709 -0.5950151 0 0.4769605 -0.6215875 -0.125 0.5326662 -0.6941843 -0.2165063 0.6087613 -0.7933536 -0.25 0.6848564 -0.8925228 -0.2165063 0.740562 -0.9651196 -0.125 0.883883 -0.883884 0 0.8601993 -0.8602004 0.125 0.7954947 -0.7954956 0.2165063 0.7071064 -0.7071072 0.25 0.6187182 -0.6187188 0.2165063 0.5540134 -0.554014 0.125 0.5303298 -0.5303304 0 0.5540134 -0.554014 -0.125 0.6187182 -0.6187188 -0.2165063 0.7071064 -0.7071072 -0.25 0.7954947 -0.7954956 -0.2165063 0.8601993 -0.8602004 -0.125 0.9916918 -0.7609516 0 0.9651195 -0.740562 0.125 0.8925226 -0.6848565 0.2165063 0.7933534 -0.6087614 0.25 0.6941843 -0.5326662 0.2165063 0.6215874 -0.4769607 0.125 0.5950151 -0.4565711 0 0.6215874 -0.4769607 -0.125 0.6941843 -0.5326662 -0.2165063 0.7933534 -0.6087614 -0.25 0.8925226 -0.6848565 -0.2165063 0.9651195 -0.740562 -0.125 1.082532 -0.6250001 0 1.053525 -0.6082534 0.125 0.9742786 -0.5625001 0.2165063 0.8660253 -0.5000001 0.25 0.7577722 -0.4375001 0.2165063 0.6785253 -0.3917469 0.125 0.649519 -0.3750001 0 0.6785253 -0.3917469 -0.125 0.7577722 -0.4375001 -0.2165063 0.8660253 -0.5000001 -0.25 0.9742786 -0.5625001 -0.2165063 1.053525 -0.6082534 -0.125 1.154849 -0.4783548 0 1.123905 -0.4655373 0.125 1.039364 -0.4305193 0.2165063 0.9238794 -0.3826838 0.25 0.8083944 -0.3348483 0.2165063 0.7238536 -0.2998303 0.125 0.6929095 -0.2870128 0 0.7238536 -0.2998303 -0.125 0.8083944 -0.3348483 -0.2165063 0.9238794 -0.3826838 -0.25 1.039364 -0.4305193 -0.2165063 1.123905 -0.4655373 -0.125 1.207407 -0.3235235 0 1.175055 -0.3148547 0.125 1.086667 -0.2911711 0.2165063 0.9659259 -0.2588188 0.25 0.8451852 -0.2264664 0.2165063 0.7567968 -0.2027828 0.125 0.7244445 -0.194114 0 0.7567968 -0.2027828 -0.125 0.8451852 -0.2264664 -0.2165063 0.9659259 -0.2588188 -0.25 1.086667 -0.2911711 -0.2165063 1.175055 -0.3148547 -0.125 1.239306 -0.1631577 0 1.206099 -0.1587859 0.125 1.115375 -0.1468419 0.2165063 0.9914449 -0.1305261 0.25 0.8675143 -0.1142104 0.2165063 0.7767907 -0.1022664 0.125 0.7435837 -0.0978946 0 0.7767907 -0.1022664 -0.125 0.8675143 -0.1142104 -0.2165063 0.9914449 -0.1305261 -0.25 1.115375 -0.1468419 -0.2165063 1.206099 -0.1587859 -0.125</float_array>
          <technique_common>
            <accessor source="#Torus-mesh-positions-array" count="576" stride="3">
              <param name="X" type="float"/>
              <param name="Y" type="float"/>
              <param name="Z" type="float"/>
            </accessor>
          </technique_common>
        </source>
        <source id="Torus-mesh-normals">
          <float_array id="Torus-mesh-normals-array" count="3456">0.9639962 0.0631833 0.2583007 0.7063486 0.04629629 0.7063486 0.2587817 0.01696121 0.9657869 -0.2587817 -0.01696139 0.9657869 -0.7063485 -0.04629659 0.7063485 -0.9639959 -0.06318366 0.2583016 -0.9639959 -0.06318366 -0.2583016 -0.7063485 -0.04629659 -0.7063485 -0.2587817 -0.01696139 -0.9657869 0.2587817 0.01696121 -0.9657869 0.7063486 0.04629629 -0.7063486 0.9639962 0.0631833 -0.2583007 0.9475018 0.1884688 0.2583015 0.6942629 0.1380972 0.7063484 0.2543538 0.05059391 0.9657869 -0.254354 -0.05059409 0.9657869 -0.6942626 -0.138097 0.7063489 -0.9475017 -0.18847 0.2583011 -0.9475017 -0.18847 -0.2583011 -0.6942626 -0.138097 -0.7063489 -0.254354 -0.05059409 -0.9657869 0.2543538 0.05059391 -0.9657869 0.6942629 0.1380972 -0.7063484 0.9475018 0.1884688 -0.2583015 0.9147952 0.3105314 0.258302 0.6702978 0.2275358 0.7063486 0.245574 0.08336108 0.9657869 -0.2455739 -0.08336108 0.9657869 -0.6702979 -0.2275351 0.7063487 -0.9147955 -0.3105308 0.2583016 -0.9147955 -0.3105308 -0.2583016 -0.6702979 -0.2275351 -0.7063487 -0.2455739 -0.08336108 -0.9657869 0.245574 0.08336108 -0.9657869 0.6702978 0.2275358 -0.7063486 0.9147954 0.310531 -0.258302 0.8664366 0.4272795 0.2583017 0.6348641 0.3130805 0.7063485 0.2325922 0.1147019 0.9657869 -0.2325925 -0.1147018 0.9657869 -0.6348637 -0.3130803 0.7063487 -0.8664367 -0.4272796 0.2583016 -0.8664367 -0.4272796 -0.2583016 -0.6348637 -0.3130803 -0.7063487 -0.2325925 -0.1147018 -0.9657869 0.2325922 0.1147019 -0.9657869 0.6348641 0.3130805 -0.7063485 0.8664366 0.4272795 -0.2583017 0.8032529 0.5367166 0.258302 0.5885674 0.3932684 0.7063487 0.215631 0.1440799 0.9657868 -0.215631 -0.1440799 0.9657868 -0.5885676 -0.3932679 0.7063487 -0.8032534 -0.5367161 0.2583017 -0.8032534 -0.5367161 -0.2583017 -0.5885676 -0.3932679 -0.7063487 -0.215631 -0.1440799 -0.9657868 0.215631 0.1440799 -0.9657868 0.5885674 0.3932683 -0.7063487 0.8032529 0.5367166 -0.258302 0.7263253 0.6369705 0.2583025 0.5322002 0.4667274 0.7063488 0.19498 0.170993 0.9657868 -0.1949798 -0.1709929 0.9657868 -0.5322001 -0.4667277 0.7063486 -0.7263246 -0.6369714 0.2583021 -0.7263246 -0.6369714 -0.2583021 -0.5322001 -0.4667277 -0.7063486 -0.1949798 -0.1709929 -0.9657868 0.19498 0.170993 -0.9657868 0.5322002 0.4667274 -0.7063488 0.7263253 0.6369705 -0.2583025 0.6369707 0.7263256 0.2583011 0.466727 0.5322002 0.706349 0.1709929 0.1949801 0.9657868 -0.1709929 -0.19498 0.9657868 -0.4667274 -0.5322003 0.7063486 -0.6369706 -0.7263255 0.2583017 -0.6369706 -0.7263255 -0.2583017 -0.4667274 -0.5322003 -0.7063486 -0.1709929 -0.19498 -0.9657868 0.1709929 0.1949801 -0.9657868 0.466727 0.5322002 -0.706349 0.6369707 0.7263256 -0.2583011 0.5367169 0.8032532 0.2583008 0.3932684 0.5885671 0.7063489 0.1440801 0.2156308 0.9657869 -0.1440798 -0.2156309 0.9657869 -0.3932682 -0.5885677 0.7063485 -0.5367162 -0.8032532 0.258302 -0.5367162 -0.8032532 -0.258302 -0.3932682 -0.5885677 -0.7063485 -0.1440798 -0.2156309 -0.9657869 0.1440801 0.2156308 -0.9657869 0.3932684 0.5885671 -0.7063489 0.5367169 0.8032532 -0.2583008 0.4272795 0.8664363 0.2583028 0.3130802 0.6348645 0.7063482 0.1147015 0.2325924 0.965787 -0.1147021 -0.2325922 0.9657868 -0.3130798 -0.6348639 0.706349 -0.42728 -0.8664367 0.2583011 -0.42728 -0.8664367 -0.2583011 -0.3130798 -0.6348639 -0.706349 -0.1147021 -0.2325922 -0.9657868 0.1147015 0.2325924 -0.965787 0.3130802 0.6348645 -0.7063482 0.4272795 0.8664363 -0.2583028 0.3105312 0.9147955 0.2583015 0.2275351 0.6702975 0.706349 0.08336156 0.2455742 0.9657868 -0.08336108 -0.2455742 0.9657868 -0.2275356 -0.6702977 0.7063488 -0.3105318 -0.9147951 0.258302 -0.3105318 -0.9147951 -0.258302 -0.2275356 -0.6702977 -0.7063488 -0.08336108 -0.2455742 -0.9657868 0.0833612 0.2455744 -0.9657868 0.2275362 0.6702972 -0.706349 0.3105312 0.9147955 -0.2583015 0.1884699 0.9475017 0.2583016 0.1380975 0.6942626 0.7063487 0.05059432 0.254354 0.9657869 -0.05059409 -0.2543541 0.9657869 -0.1380975 -0.6942628 0.7063487 -0.1884698 -0.9475017 0.2583016 -0.1884698 -0.9475017 -0.2583016 -0.1380972 -0.6942628 -0.7063487 -0.05059415 -0.254354 -0.9657868 0.05059432 0.254354 -0.9657869 0.1380975 0.6942626 -0.7063487 0.1884699 0.9475017 -0.2583016 0.06318432 0.9639955 0.2583026 0.04629647 0.7063485 0.7063485 0.01696139 0.2587817 0.9657869 -0.01696139 -0.2587818 0.9657868 -0.04629677 -0.7063485 0.7063485 -0.06318426 -0.9639957 0.2583022 -0.06318426 -0.9639957 -0.2583022 -0.04629677 -0.7063485 -0.7063485 -0.01696139 -0.2587818 -0.9657868 0.01696139 0.2587817 -0.9657869 0.04629635 0.7063486 -0.7063486 0.06318432 0.9639955 -0.2583026 -0.06318479 0.9639961 0.2583007 -0.04629611 0.7063481 0.7063491 -0.01696145 0.2587818 0.9657869 0.01696151 -0.2587818 0.9657869 0.04629683 -0.7063485 0.7063486 0.06318372 -0.9639958 0.258302 0.06318372 -0.9639958 -0.258302 0.04629683 -0.7063485 -0.7063486 0.01696151 -0.2587818 -0.9657869 -0.01696145 0.2587818 -0.9657869 -0.04629611 0.7063481 -0.7063491 -0.06318479 0.9639961 -0.2583007 -0.1884692 0.9475018 0.2583015 -0.1380974 0.6942625 0.706349 -0.05059403 0.254354 0.9657869 0.05059409 -0.2543541 0.9657869 0.1380969 -0.6942626 0.7063489 0.1884697 -0.9475017 0.258302 0.1884697 -0.9475017 -0.258302 0.1380969 -0.6942626 -0.7063489 0.05059409 -0.2543541 -0.9657869 -0.05059403 0.254354 -0.9657869 -0.1380974 0.6942625 -0.706349 -0.1884692 0.9475018 -0.2583015 -0.3105322 0.9147951 0.2583021 -0.2275356 0.6702983 0.7063482 -0.0833612 0.245574 0.9657869 0.0833612 -0.2455741 0.9657869 0.2275356 -0.6702977 0.7063487 0.3105308 -0.9147956 0.2583014 0.3105308 -0.9147956 -0.2583014 0.2275356 -0.6702977 -0.7063487 0.0833612 -0.2455741 -0.9657869 -0.0833612 0.245574 -0.9657869 -0.2275356 0.6702983 -0.7063482 -0.3105322 0.9147951 -0.2583021 -0.4272788 0.8664369 0.2583017 -0.3130801 0.6348645 0.7063483 -0.1147016 0.2325923 0.9657869 0.1147017 -0.2325922 0.9657869 0.3130803 -0.634864 0.7063488 0.4272799 -0.8664363 0.258302 0.4272799 -0.8664363 -0.258302 0.3130803 -0.634864 -0.7063488 0.1147017 -0.2325922 -0.9657869 -0.1147016 0.2325923 -0.9657869 -0.3130801 0.6348645 -0.7063483 -0.4272788 0.8664369 -0.2583017 -0.5367164 0.8032534 0.2583012 -0.3932679 0.5885674 0.7063488 -0.1440801 0.2156309 0.9657868 0.1440801 -0.2156309 0.9657868 0.393268 -0.5885676 0.7063487 0.5367164 -0.8032533 0.258302 0.5367164 -0.8032533 -0.258302 0.393268 -0.5885676 -0.7063487 0.1440801 -0.2156309 -0.9657868 -0.1440801 0.2156309 -0.9657868 -0.3932679 0.5885674 -0.7063488 -0.5367164 0.8032534 -0.2583012 -0.6369709 0.7263255 0.2583009 -0.4667273 0.5322 0.7063488 -0.1709929 0.1949799 0.9657868 0.170993 -0.1949797 0.9657869 0.4667276 -0.5322 0.7063487 0.636971 -0.726325 0.2583018 0.636971 -0.726325 -0.2583018 0.4667276 -0.5322 -0.7063487 0.170993 -0.1949797 -0.9657869 -0.1709929 0.1949799 -0.9657868 -0.4667273 0.5322 -0.7063488 -0.6369709 0.7263255 -0.2583009 -0.7263256 0.6369707 0.258301 -0.5322002 0.4667273 0.7063488 -0.1949799 0.1709929 0.9657869 0.1949801 -0.1709929 0.9657868 0.5322001 -0.4667274 0.7063488 0.7263254 -0.6369705 0.2583019 0.7263254 -0.6369705 -0.2583019 0.5322001 -0.4667274 -0.7063488 0.1949801 -0.1709929 -0.9657868 -0.1949799 0.1709929 -0.9657869 -0.5322002 0.4667273 -0.7063488 -0.7263256 0.6369707 -0.258301 -0.8032531 0.5367168 0.2583014 -0.5885677 0.3932685 0.7063482 -0.2156303 0.1440802 0.9657869 0.2156308 -0.1440801 0.9657869 0.5885676 -0.3932684 0.7063485 0.8032527 -0.5367173 0.2583016 0.8032527 -0.5367173 -0.2583016 0.5885676 -0.3932684 -0.7063485 0.2156308 -0.1440801 -0.9657869 -0.2156303 0.1440802 -0.9657869 -0.5885677 0.3932685 -0.7063482 -0.8032531 0.5367168 -0.2583014 -0.8664371 0.4272784 0.258302 -0.6348646 0.3130791 0.7063487 -0.2325925 0.1147016 0.9657868 0.2325924 -0.1147019 0.9657869 0.6348643 -0.3130796 0.7063486 0.8664374 -0.4272778 0.258302 0.8664374 -0.4272778 -0.258302 0.6348643 -0.3130796 -0.7063486 0.2325924 -0.1147019 -0.9657869 -0.2325925 0.1147016 -0.9657868 -0.6348646 0.3130791 -0.7063487 -0.8664371 0.4272784 -0.258302 -0.9147952 0.3105318 0.2583015 -0.6702978 0.2275363 0.7063484 -0.2455736 0.08336162 0.9657869 0.245574 -0.08336114 0.9657869 0.6702975 -0.2275358 0.7063488 0.9147954 -0.3105313 0.2583011 0.9147954 -0.3105313 -0.2583011 0.6702975 -0.2275358 -0.7063488 0.245574 -0.08336114 -0.9657869 -0.2455736 0.08336162 -0.9657869 -0.6702978 0.2275363 -0.7063484 -0.9147952 0.3105318 -0.2583015 -0.9475019 0.1884698 0.2583007 -0.6942628 0.1380972 0.7063486 -0.2543538 0.05059415 0.9657869 0.2543538 -0.05059403 0.9657869 0.6942628 -0.1380973 0.7063487 0.9475017 -0.1884697 0.2583016 0.9475017 -0.1884697 -0.2583016 0.6942628 -0.1380973 -0.7063487 0.2543538 -0.05059415 -0.9657869 -0.2543538 0.05059403 -0.9657869 -0.6942628 0.1380972 -0.7063486 -0.9475019 0.1884698 -0.2583007 -0.9639959 0.06318324 0.2583018 -0.7063485 0.04629617 0.7063487 -0.2587819 0.01696139 0.9657869 0.2587818 -0.01696157 0.9657869 0.7063485 -0.04629647 0.7063486 0.9639959 -0.06318324 0.2583018 0.9639959 -0.06318324 -0.2583018 0.7063485 -0.04629647 -0.7063486 0.2587818 -0.01696157 -0.9657869 -0.2587819 0.01696139 -0.9657869 -0.7063485 0.04629617 -0.7063487 -0.9639958 0.0631842 -0.2583018 -0.9639962 -0.06318318 0.2583007 -0.7063486 -0.04629617 0.7063486 -0.2587817 -0.01696121 0.9657869 0.2587817 0.01696133 0.9657869 0.7063486 0.04629653 0.7063486 0.9639959 0.06318354 0.2583016 0.9639959 0.06318354 -0.2583016 0.7063486 0.04629653 -0.7063486 0.2587817 0.01696133 -0.9657869 -0.2587817 -0.01696121 -0.9657869 -0.7063486 -0.04629617 -0.7063486 -0.9639961 -0.06318414 -0.2583007 -0.9475018 -0.1884692 0.2583015 -0.6942629 -0.1380974 0.7063484 -0.2543537 -0.05059415 0.965787 0.254354 0.05059409 0.9657869 0.6942624 0.1380978 0.7063489 0.9475017 0.1884703 0.2583011 0.9475017 0.1884703 -0.2583011 0.6942624 0.1380978 -0.7063489 0.2543539 0.05059415 -0.9657869 -0.2543537 -0.05059403 -0.965787 -0.6942629 -0.1380974 -0.7063484 -0.9475018 -0.1884692 -0.2583015 -0.9147955 -0.3105316 0.2583011 -0.6702973 -0.227536 0.706349 -0.2455741 -0.0833612 0.9657868 0.2455741 0.08336114 0.9657869 0.6702981 0.2275352 0.7063486 0.9147952 0.3105318 0.2583019 0.9147952 0.3105318 -0.2583019 0.6702981 0.2275352 -0.7063486 0.2455741 0.08336114 -0.9657869 -0.2455741 -0.0833612 -0.9657868 -0.6702973 -0.227536 -0.706349 -0.9147955 -0.3105316 -0.2583011 -0.8664374 -0.4272785 0.2583012 -0.6348639 -0.3130794 0.7063491 -0.2325924 -0.1147016 0.9657869 0.2325925 0.1147017 0.9657869 0.6348644 0.3130795 0.7063488 0.866437 0.4272785 0.2583019 0.866437 0.4272785 -0.2583019 0.6348644 0.3130795 -0.7063488 0.2325925 0.1147017 -0.9657869 -0.2325924 -0.1147016 -0.9657869 -0.6348639 -0.3130794 -0.7063491 -0.8664374 -0.4272785 -0.2583012 -0.8032529 -0.5367171 0.258301 -0.5885674 -0.3932681 0.7063488 -0.2156308 -0.1440801 0.9657869 0.2156311 0.1440799 0.9657868 0.5885672 0.3932684 0.7063488 0.8032529 0.5367167 0.2583019 0.8032529 0.5367167 -0.2583019 0.5885672 0.3932684 -0.7063488 0.2156311 0.1440799 -0.9657868 -0.2156308 -0.1440801 -0.9657869 -0.5885674 -0.3932681 -0.7063488 -0.8032529 -0.5367171 -0.258301 -0.7263256 -0.6369709 0.2583009 -0.5322001 -0.4667273 0.7063488 -0.19498 -0.1709928 0.9657868 0.1949798 0.1709929 0.9657869 0.5322003 0.4667273 0.7063487 0.7263255 0.6369705 0.2583018 0.7263255 0.6369705 -0.2583018 0.5322003 0.4667273 -0.7063487 0.1949798 0.1709929 -0.9657869 -0.19498 -0.1709928 -0.9657868 -0.5322001 -0.4667273 -0.7063488 -0.7263256 -0.6369709 -0.2583009 -0.6369718 -0.7263243 0.2583023 -0.4667276 -0.5322001 0.7063487 -0.170993 -0.1949796 0.9657869 0.1709929 0.1949797 0.9657869 0.4667276 0.5321999 0.7063488 0.636971 0.7263251 0.2583017 0.636971 0.7263251 -0.2583017 0.4667276 0.5321999 -0.7063488 0.1709929 0.1949797 -0.9657869 -0.170993 -0.1949796 -0.9657869 -0.4667276 -0.5322001 -0.7063487 -0.6369718 -0.7263243 -0.2583023 -0.5367161 -0.8032535 0.2583017 -0.3932687 -0.5885676 0.7063484 -0.14408 -0.2156307 0.9657869 0.1440799 0.2156308 0.965787 0.3932682 0.5885675 0.7063486 0.5367163 0.8032532 0.258302 0.5367163 0.8032532 -0.258302 0.3932682 0.5885675 -0.7063486 0.1440799 0.2156308 -0.965787 -0.14408 -0.2156307 -0.9657869 -0.3932687 -0.5885676 -0.7063484 -0.5367161 -0.8032535 -0.2583017 -0.4272791 -0.8664368 0.2583021 -0.3130803 -0.6348645 0.7063482 -0.1147017 -0.2325924 0.9657869 0.1147019 0.2325923 0.9657868 0.3130801 0.6348639 0.7063487 0.4272792 0.8664368 0.2583014 0.4272792 0.8664368 -0.2583014 0.3130801 0.6348639 -0.7063487 0.1147019 0.2325923 -0.9657868 -0.1147017 -0.2325924 -0.9657869 -0.3130803 -0.6348645 -0.7063482 -0.4272791 -0.8664368 -0.2583021 -0.3105316 -0.914795 0.2583025 -0.2275355 -0.670298 0.7063485 -0.0833612 -0.2455741 0.9657869 0.0833612 0.2455741 0.9657869 0.2275356 0.670298 0.7063485 0.3105304 0.9147953 0.2583025 0.3105304 0.9147953 -0.2583025 0.2275356 0.670298 -0.7063485 0.0833612 0.2455741 -0.9657869 -0.0833612 -0.2455741 -0.9657869 -0.2275359 -0.6702979 -0.7063485 -0.3105316 -0.914795 -0.2583025 -0.1884699 -0.9475014 0.2583025 -0.1380972 -0.6942626 0.7063488 -0.05059415 -0.2543541 0.9657868 0.05059427 0.2543541 0.9657869 0.138097 0.6942626 0.7063487 0.1884698 0.9475015 0.258302 0.1884698 0.9475015 -0.258302 0.138097 0.6942626 -0.7063487 0.05059427 0.2543541 -0.9657869 -0.05059415 -0.2543541 -0.9657868 -0.1380972 -0.6942626 -0.7063488 -0.1884699 -0.9475014 -0.2583025 -0.06318438 -0.9639956 0.2583027 -0.04629707 -0.7063485 0.7063485 -0.01696187 -0.2587817 0.9657869 0.01696163 0.2587819 0.9657869 0.04629719 0.7063486 0.7063486 0.06318497 0.9639957 0.2583023 0.06318497 0.9639957 -0.2583023 0.04629719 0.7063486 -0.7063486 0.01696163 0.2587819 -0.9657869 -0.01696187 -0.2587817 -0.9657869 -0.04629707 -0.7063485 -0.7063485 -0.06318438 -0.9639956 -0.2583027 0.06318342 -0.9639959 0.2583015 0.04629647 -0.7063485 0.7063487 0.01696157 -0.2587819 0.9657868 -0.01696133 0.2587819 0.9657869 -0.04629701 0.7063484 0.7063487 -0.06318342 0.9639959 0.2583015 -0.06318342 0.9639959 -0.2583015 -0.04629701 0.7063484 -0.7063487 -0.01696133 0.2587819 -0.9657869 0.01696157 -0.2587819 -0.9657868 0.04629635 -0.7063485 -0.7063487 0.06318342 -0.9639959 -0.2583015 0.1884698 -0.9475017 0.2583014 0.1380972 -0.6942629 0.7063485 0.05059409 -0.254354 0.9657868 -0.05059421 0.254354 0.9657869 -0.1380974 0.6942629 0.7063485 -0.1884693 0.9475018 0.2583015 -0.1884693 0.9475018 -0.2583015 -0.1380974 0.6942629 -0.7063485 -0.05059421 0.254354 -0.9657869 0.05059409 -0.254354 -0.9657868 0.1380972 -0.6942629 -0.7063485 0.1884698 -0.9475017 -0.2583014 0.3105318 -0.9147949 0.2583029 0.2275359 -0.6702982 0.7063482 0.08336144 -0.2455739 0.965787 -0.08336097 0.2455741 0.9657869 -0.2275358 0.6702975 0.7063489 -0.3105314 0.9147955 0.258301 -0.3105314 0.9147955 -0.258301 -0.2275351 0.6702976 -0.7063488 -0.08336097 0.2455741 -0.9657869 0.08336144 -0.2455739 -0.965787 0.2275359 -0.6702982 -0.7063482 0.3105318 -0.9147949 -0.2583029 0.4272783 -0.8664375 0.2583008 0.3130793 -0.6348643 0.7063489 0.1147017 -0.2325924 0.9657869 -0.1147019 0.2325922 0.9657868 -0.3130807 0.6348639 0.7063486 -0.4272788 0.866437 0.258302 -0.4272788 0.866437 -0.258302 -0.3130807 0.6348639 -0.7063486 -0.1147019 0.2325922 -0.9657868 0.1147017 -0.2325924 -0.9657869 0.3130793 -0.6348643 -0.7063489 0.4272783 -0.8664375 -0.2583008 0.5367165 -0.8032531 0.2583019 0.3932682 -0.5885676 0.7063485 0.1440798 -0.215631 0.9657868 -0.1440798 0.215631 0.9657869 -0.3932676 0.5885678 0.7063486 -0.5367159 0.8032535 0.258302 -0.5367159 0.8032535 -0.258302 -0.3932676 0.5885678 -0.7063486 -0.1440798 0.215631 -0.9657869 0.1440798 -0.215631 -0.9657868 0.3932682 -0.5885676 -0.7063485 0.5367165 -0.8032531 -0.2583019 0.6369705 -0.7263254 0.2583024 0.4667273 -0.5322008 0.7063483 0.1709927 -0.1949799 0.9657869 -0.1709927 0.1949799 0.9657869 -0.4667269 0.5322005 0.7063488 -0.6369699 0.7263262 0.2583015 -0.6369699 0.7263262 -0.2583015 -0.4667269 0.5322005 -0.7063488 -0.1709927 0.1949799 -0.9657869 0.1709927 -0.1949799 -0.9657869 0.4667273 -0.5322008 -0.7063483 0.6369705 -0.7263254 -0.2583024 0.7263255 -0.6369705 0.258302 0.5322002 -0.4667275 0.7063485 0.1949799 -0.1709929 0.9657868 -0.1949799 0.170993 0.9657869 -0.5322002 0.4667274 0.7063488 -0.7263252 0.6369709 0.2583017 -0.7263252 0.6369709 -0.2583017 -0.5322002 0.4667274 -0.7063488 -0.1949799 0.170993 -0.9657869 0.1949799 -0.1709929 -0.9657868 0.5322002 -0.4667275 -0.7063485 0.7263255 -0.6369705 -0.258302 0.8032532 -0.5367165 0.2583017 0.5885674 -0.3932685 0.7063485 0.2156308 -0.14408 0.9657869 -0.215631 0.1440799 0.9657868 -0.5885676 0.3932678 0.7063488 -0.8032534 0.5367162 0.2583016 -0.8032534 0.5367162 -0.2583016 -0.5885676 0.3932678 -0.7063488 -0.215631 0.1440799 -0.9657868 0.2156308 -0.14408 -0.9657869 0.5885676 -0.3932684 -0.7063485 0.8032532 -0.5367165 -0.2583017 0.8664362 -0.4272797 0.2583029 0.6348644 -0.3130806 0.7063482 0.2325922 -0.1147019 0.9657868 -0.2325923 0.1147018 0.9657868 -0.634864 0.3130803 0.7063487 -0.8664369 0.4272789 0.258302 -0.8664369 0.4272789 -0.258302 -0.634864 0.3130803 -0.7063487 -0.2325923 0.1147018 -0.9657868 0.2325922 -0.1147019 -0.9657868 0.6348644 -0.3130806 -0.7063482 0.8664362 -0.4272797 -0.2583029 0.9147951 -0.3105313 0.2583023 0.6702979 -0.227536 0.7063484 0.2455739 -0.08336126 0.9657869 -0.2455739 0.08336114 0.9657869 -0.6702978 0.2275356 0.7063486 -0.9147954 0.3105314 0.2583015 -0.9147954 0.3105314 -0.2583015 -0.6702978 0.2275356 -0.7063486 -0.2455739 0.08336114 -0.9657869 0.2455739 -0.08336126 -0.9657869 0.6702979 -0.227536 -0.7063484 0.9147951 -0.3105313 -0.2583023 0.9475019 -0.1884698 0.2583007 0.6942628 -0.1380972 0.7063485 0.2543539 -0.05059403 0.9657869 -0.2543538 0.05059409 0.9657869 -0.6942628 0.1380973 0.7063486 -0.9475017 0.1884697 0.2583016 -0.9475017 0.1884697 -0.2583016 -0.6942628 0.1380973 -0.7063486 -0.2543538 0.05059409 -0.9657869 0.2543539 -0.05059403 -0.9657869 0.6942628 -0.1380974 -0.7063486 0.9475019 -0.1884698 -0.2583007 0.9639959 -0.0631842 0.2583018 0.7063485 -0.04629617 0.7063486 0.2587818 -0.01696139 0.9657869 -0.2587819 0.01696157 0.9657869 -0.7063485 0.04629653 0.7063486 -0.9639959 0.0631833 0.2583018 -0.9639959 0.0631833 -0.2583018 -0.7063485 0.04629653 -0.7063486 -0.2587819 0.01696157 -0.9657869 0.2587818 -0.01696139 -0.9657869 0.7063485 -0.04629617 -0.7063486 0.9639959 -0.0631842 -0.2583018 0.9639959 0.0631842 0.2583018 0.7063485 0.04629617 0.7063486 0.2587818 0.01696139 0.9657869 -0.2587819 -0.01696157 0.9657869 -0.7063485 -0.04629653 0.7063486 -0.9639959 -0.0631833 0.2583018 -0.9639959 -0.0631833 -0.2583019 -0.7063485 -0.04629653 -0.7063486 -0.2587819 -0.01696157 -0.9657869 0.2587818 0.01696139 -0.9657869 0.7063485 0.04629617 -0.7063486 0.9639959 0.0631842 -0.2583018 0.947502 0.1884695 0.2583007 0.6942628 0.1380969 0.7063486 0.2543538 0.05059409 0.9657869 -0.2543539 -0.05059397 0.9657869 -0.6942628 -0.1380976 0.7063485 -0.9475018 -0.1884694 0.2583016 -0.9475018 -0.1884694 -0.2583016 -0.6942628 -0.1380975 -0.7063485 -0.2543539 -0.05059397 -0.9657869 0.2543538 0.05059409 -0.9657869 0.6942629 0.1380969 -0.7063486 0.947502 0.1884695 -0.2583007 0.9147955 0.310531 0.2583015 0.670298 0.2275357 0.7063484 0.2455738 0.0833612 0.9657869 -0.245574 -0.08336114 0.965787 -0.6702976 -0.2275353 0.7063489 -0.9147955 -0.3105314 0.2583011 -0.9147955 -0.3105314 -0.2583011 -0.6702976 -0.2275353 -0.7063489 -0.245574 -0.08336114 -0.9657869 0.2455738 0.0833612 -0.9657869 0.670298 0.2275357 -0.7063485 0.9147953 0.3105314 -0.2583015 0.8664364 0.4272797 0.258302 0.6348641 0.3130804 0.7063485 0.2325922 0.1147019 0.9657869 -0.2325922 -0.1147019 0.9657869 -0.634864 -0.3130803 0.7063487 -0.8664367 -0.4272795 0.2583016 -0.8664367 -0.4272795 -0.2583016 -0.634864 -0.3130803 -0.7063487 -0.2325922 -0.1147019 -0.9657869 0.2325922 0.1147019 -0.9657869 0.634864 0.3130803 -0.7063486 0.8664364 0.4272797 -0.258302 0.8032532 0.5367165 0.2583017 0.5885676 0.3932684 0.7063485 0.2156308 0.14408 0.9657869 -0.215631 -0.1440799 0.9657868 -0.5885676 -0.3932678 0.7063487 -0.8032534 -0.5367162 0.2583016 -0.8032534 -0.5367162 -0.2583016 -0.5885676 -0.3932678 -0.7063488 -0.215631 -0.1440799 -0.9657868 0.2156308 0.1440799 -0.9657869 0.5885674 0.3932685 -0.7063485 0.8032532 0.5367165 -0.2583017 0.7263256 0.6369703 0.258302 0.5322004 0.4667274 0.7063485 0.1949799 0.170993 0.9657869 -0.1949799 -0.1709929 0.9657868 -0.5321998 -0.4667277 0.7063487 -0.7263251 -0.6369711 0.2583017 -0.7263251 -0.6369711 -0.2583017 -0.5321998 -0.4667277 -0.7063487 -0.1949799 -0.1709929 -0.9657868 0.1949799 0.170993 -0.9657869 0.5322004 0.4667274 -0.7063485 0.7263256 0.6369703 -0.258302 0.6369698 0.7263261 0.2583023 0.4667273 0.5322002 0.7063487 0.1709929 0.1949801 0.9657868 -0.1709928 -0.19498 0.9657869 -0.4667274 -0.5322004 0.7063485 -0.6369709 -0.726325 0.2583021 -0.6369709 -0.726325 -0.2583022 -0.4667274 -0.5322004 -0.7063487 -0.1709928 -0.19498 -0.9657869 0.1709929 0.1949801 -0.9657868 0.4667273 0.5322003 -0.7063487 0.6369698 0.7263261 -0.2583024 0.5367171 0.8032529 0.2583011 0.3932684 0.588567 0.706349 0.1440801 0.215631 0.9657868 -0.1440801 -0.2156309 0.9657868 -0.3932682 -0.5885675 0.7063486 -0.5367166 -0.8032531 0.2583017 -0.5367166 -0.8032531 -0.2583017 -0.3932682 -0.5885675 -0.7063486 -0.1440801 -0.2156309 -0.9657868 0.1440801 0.215631 -0.9657868 0.3932684 0.588567 -0.706349 0.5367171 0.8032529 -0.2583011 0.4272783 0.8664375 0.2583008 0.3130793 0.6348642 0.7063488 0.1147017 0.2325924 0.9657869 -0.1147019 -0.2325922 0.9657868 -0.3130807 -0.634864 0.7063486 -0.4272788 -0.866437 0.258302 -0.4272788 -0.866437 -0.258302 -0.3130807 -0.634864 -0.7063486 -0.1147019 -0.2325922 -0.9657868 0.1147017 0.2325924 -0.9657869 0.3130793 0.6348643 -0.7063489 0.4272783 0.8664375 -0.2583008 0.3105321 0.9147947 0.2583029 0.2275364 0.670298 0.7063483 0.08336108 0.245574 0.9657869 -0.0833612 -0.2455741 0.9657869 -0.2275358 -0.6702975 0.706349 -0.3105307 -0.9147956 0.2583011 -0.3105307 -0.9147957 -0.258301 -0.2275357 -0.6702975 -0.706349 -0.0833612 -0.2455741 -0.9657869 0.08336144 0.2455738 -0.9657869 0.2275354 0.6702984 -0.7063482 0.3105321 0.9147947 -0.2583028 0.1884699 0.9475017 0.2583015 0.1380979 0.6942622 0.7063491 0.05059421 0.2543542 0.9657868 -0.05059421 -0.2543541 0.9657868 -0.1380972 -0.6942626 0.7063488 -0.1884704 -0.9475014 0.258302 -0.1884704 -0.9475014 -0.258302 -0.1380974 -0.6942625 -0.7063488 -0.05059409 -0.2543542 -0.9657869 0.05059421 0.2543542 -0.9657868 0.1380979 0.6942622 -0.7063491 0.1884699 0.9475017 -0.2583015 0.06318342 0.9639959 0.2583015 0.04629635 0.7063484 0.7063487 0.01696157 0.2587819 0.9657869 -0.01696139 -0.2587819 0.9657869 -0.04629701 -0.7063484 0.7063487 -0.06318342 -0.9639959 0.2583015 -0.06318342 -0.9639959 -0.2583016 -0.04629701 -0.7063484 -0.7063487 -0.01696133 -0.2587819 -0.9657869 0.01696157 0.2587819 -0.9657868 0.04629647 0.7063485 -0.7063487 0.06318342 0.9639959 -0.2583015 -0.06318312 0.9639956 0.2583027 -0.04629677 0.7063486 0.7063486 -0.01696151 0.2587817 0.9657869 0.01696145 -0.2587819 0.9657869 0.04629677 -0.7063485 0.7063485 0.06318408 -0.9639956 0.2583022 0.06318408 -0.9639956 -0.2583023 0.04629677 -0.7063485 -0.7063485 0.01696145 -0.2587819 -0.9657869 -0.01696151 0.2587817 -0.9657869 -0.04629677 0.7063486 -0.7063486 -0.06318312 0.9639956 -0.2583027 -0.1884698 0.9475019 0.2583008 -0.1380971 0.6942623 0.7063491 -0.05059409 0.254354 0.9657869 0.05059397 -0.254354 0.9657869 0.1380974 -0.6942628 0.7063487 0.1884697 -0.9475017 0.258302 0.1884697 -0.9475017 -0.2583019 0.1380974 -0.6942628 -0.7063487 0.05059397 -0.254354 -0.9657869 -0.05059409 0.254354 -0.9657869 -0.1380971 0.6942623 -0.7063491 -0.1884698 0.9475019 -0.2583007 -0.3105317 0.9147953 0.2583014 -0.2275361 0.6702974 0.7063489 -0.0833612 0.2455741 0.9657869 0.0833612 -0.2455741 0.9657868 0.2275358 -0.6702976 0.7063488 0.3105314 -0.9147952 0.258302 0.3105314 -0.9147952 -0.258302 0.2275358 -0.6702976 -0.7063489 0.0833612 -0.2455741 -0.9657869 -0.08336114 0.245574 -0.9657869 -0.2275361 0.6702973 -0.7063489 -0.3105317 0.9147953 -0.2583014 -0.4272791 0.8664368 0.2583021 -0.3130803 0.6348645 0.7063482 -0.1147017 0.2325924 0.9657869 0.1147019 -0.2325923 0.9657868 0.3130801 -0.6348639 0.7063487 0.4272792 -0.8664368 0.2583014 0.4272792 -0.8664368 -0.2583014 0.3130801 -0.6348639 -0.7063487 0.1147019 -0.2325923 -0.9657868 -0.1147017 0.2325923 -0.9657869 -0.3130803 0.6348645 -0.7063482 -0.4272791 0.8664368 -0.2583021 -0.5367166 0.803253 0.2583017 -0.3932688 0.5885676 0.7063484 -0.1440801 0.2156307 0.9657869 0.1440796 -0.2156308 0.9657869 0.3932679 -0.5885677 0.7063487 0.5367162 -0.8032532 0.258302 0.5367162 -0.8032532 -0.258302 0.3932679 -0.5885677 -0.7063487 0.1440797 -0.2156308 -0.9657869 -0.1440801 0.2156307 -0.9657869 -0.3932688 0.5885675 -0.7063484 -0.5367166 0.803253 -0.2583017 -0.636971 0.7263253 0.2583011 -0.4667273 0.5322 0.7063488 -0.1709929 0.1949799 0.9657869 0.1709929 -0.1949799 0.9657868 0.4667276 -0.5321999 0.7063488 0.6369708 -0.7263252 0.258302 0.6369708 -0.7263252 -0.258302 0.4667276 -0.5322 -0.7063487 0.1709929 -0.1949799 -0.9657868 -0.1709929 0.1949799 -0.9657869 -0.4667273 0.5322 -0.7063488 -0.636971 0.7263253 -0.2583011 -0.7263256 0.6369709 0.258301 -0.5322001 0.4667273 0.7063488 -0.19498 0.1709928 0.9657868 0.1949798 -0.1709929 0.9657869 0.5322003 -0.4667273 0.7063487 0.7263255 -0.6369705 0.2583018 0.7263255 -0.6369705 -0.2583018 0.5322003 -0.4667273 -0.7063487 0.1949798 -0.1709929 -0.9657869 -0.19498 0.1709928 -0.9657868 -0.5322001 0.4667273 -0.7063488 -0.7263256 0.6369709 -0.2583009 -0.8032529 0.5367172 0.258301 -0.5885668 0.3932688 0.7063488 -0.2156308 0.1440801 0.9657869 0.2156311 -0.1440799 0.9657868 0.588567 -0.3932686 0.7063488 0.8032523 -0.5367175 0.2583019 0.8032523 -0.5367175 -0.2583019 0.588567 -0.3932687 -0.7063488 0.2156311 -0.1440799 -0.9657868 -0.2156308 0.1440801 -0.9657869 -0.5885668 0.3932689 -0.7063488 -0.8032529 0.5367171 -0.258301 -0.866437 0.4272789 0.2583014 -0.6348647 0.3130798 0.7063482 -0.2325924 0.1147012 0.965787 0.2325923 -0.1147018 0.9657868 0.6348644 -0.3130799 0.7063485 0.8664372 -0.4272784 0.2583015 0.8664372 -0.4272784 -0.2583016 0.6348643 -0.31308 -0.7063485 0.2325923 -0.1147018 -0.9657868 -0.2325924 0.1147012 -0.965787 -0.6348648 0.3130798 -0.7063482 -0.866437 0.4272789 -0.2583013 -0.9147949 0.3105322 0.258302 -0.6702975 0.2275365 0.7063487 -0.2455741 0.08336144 0.9657868 0.2455741 -0.08336114 0.9657869 0.6702979 -0.2275355 0.7063486 0.9147949 -0.3105325 0.258302 0.9147949 -0.3105325 -0.258302 0.6702979 -0.2275355 -0.7063486 0.2455741 -0.08336114 -0.9657869 -0.2455741 0.08336138 -0.9657868 -0.6702975 0.2275365 -0.7063487 -0.914795 0.3105322 -0.258302 -0.9475018 0.1884692 0.2583015 -0.6942629 0.1380974 0.7063484 -0.2543537 0.05059403 0.965787 0.2543539 -0.05059415 0.9657869 0.6942624 -0.1380977 0.7063489 0.9475017 -0.1884703 0.2583011 0.9475017 -0.1884703 -0.2583011 0.6942624 -0.1380978 -0.7063489 0.254354 -0.05059409 -0.965787 -0.2543537 0.05059415 -0.965787 -0.6942629 0.1380974 -0.7063484 -0.9475018 0.1884692 -0.2583015 -0.9639962 0.0631842 0.2583007 -0.7063486 0.04629623 0.7063485 -0.2587817 0.01696121 0.9657869 0.2587817 -0.01696139 0.9657869 0.7063485 -0.04629659 0.7063486 0.9639959 -0.0631836 0.2583016 0.9639959 -0.0631836 -0.2583016 0.7063486 -0.04629653 -0.7063486 0.2587817 -0.01696139 -0.9657869 -0.2587817 0.01696121 -0.9657869 -0.7063485 0.04629623 -0.7063485 -0.9639962 0.0631833 -0.2583007 -0.9639958 -0.06318408 0.2583018 -0.7063485 -0.04629611 0.7063487 -0.2587818 -0.01696133 0.9657868 0.2587819 0.01696151 0.9657869 0.7063485 0.04629647 0.7063486 0.9639959 0.06318318 0.2583018 0.9639959 0.06318318 -0.2583018 0.7063485 0.04629647 -0.7063486 0.2587819 0.01696151 -0.9657869 -0.2587818 -0.01696133 -0.9657868 -0.7063485 -0.04629611 -0.7063486 -0.9639959 -0.06318318 -0.2583018 -0.9475019 -0.1884698 0.2583007 -0.6942628 -0.1380972 0.7063486 -0.2543538 -0.05059403 0.9657869 0.2543538 0.05059415 0.9657869 0.6942628 0.1380973 0.7063487 0.9475017 0.1884697 0.2583016 0.9475017 0.1884697 -0.2583016 0.6942628 0.1380973 -0.7063487 0.2543538 0.05059403 -0.9657869 -0.2543538 -0.05059415 -0.9657869 -0.6942628 -0.1380972 -0.7063486 -0.9475019 -0.1884698 -0.2583007 -0.9147955 -0.3105312 0.2583015 -0.670298 -0.2275355 0.7063484 -0.2455738 -0.08336138 0.9657869 0.2455739 0.0833612 0.9657869 0.6702976 0.2275356 0.7063489 0.9147956 0.3105308 0.2583011 0.9147956 0.3105308 -0.2583011 0.6702976 0.2275356 -0.7063489 0.245574 0.0833612 -0.9657869 -0.2455737 -0.08336138 -0.9657869 -0.670298 -0.2275356 -0.7063484 -0.9147955 -0.3105312 -0.2583015 -0.8664374 -0.4272785 0.2583011 -0.634864 -0.3130796 0.706349 -0.2325925 -0.1147017 0.9657868 0.2325925 0.1147016 0.9657869 0.6348645 0.3130798 0.7063486 0.866437 0.4272785 0.2583019 0.866437 0.4272785 -0.2583019 0.6348645 0.3130798 -0.7063485 0.2325925 0.1147016 -0.9657869 -0.2325925 -0.1147016 -0.9657868 -0.6348639 -0.3130796 -0.706349 -0.8664374 -0.4272785 -0.2583011 -0.803253 -0.536717 0.2583013 -0.5885669 -0.3932682 0.7063491 -0.2156308 -0.1440799 0.9657869 0.2156309 0.14408 0.9657869 0.5885674 0.3932683 0.7063487 0.8032528 0.5367168 0.2583019 0.8032528 0.5367168 -0.2583019 0.5885673 0.3932683 -0.7063487 0.2156309 0.14408 -0.9657869 -0.2156308 -0.1440799 -0.9657869 -0.588567 -0.3932682 -0.7063491 -0.803253 -0.536717 -0.2583013 -0.7263256 -0.6369707 0.258301 -0.5322002 -0.4667273 0.7063488 -0.1949799 -0.1709929 0.9657869 0.1949801 0.1709929 0.9657868 0.5322001 0.4667273 0.7063487 0.7263254 0.6369705 0.2583019 0.7263254 0.6369705 -0.2583019 0.5322002 0.4667274 -0.7063488 0.1949801 0.1709929 -0.9657868 -0.1949799 -0.1709929 -0.9657869 -0.5322002 -0.4667273 -0.7063488 -0.7263256 -0.6369707 -0.258301 -0.6369712 -0.7263253 0.2583009 -0.4667277 -0.5321998 0.7063489 -0.170993 -0.1949798 0.9657869 0.1709929 0.1949799 0.9657869 0.4667275 0.5322001 0.7063487 0.6369709 0.7263252 0.2583018 0.6369709 0.7263252 -0.2583018 0.4667275 0.5322 -0.7063487 0.1709929 0.1949798 -0.9657869 -0.170993 -0.1949799 -0.9657868 -0.4667277 -0.5321998 -0.7063488 -0.6369712 -0.7263253 -0.2583009 -0.5367165 -0.8032531 0.2583023 -0.3932682 -0.5885675 0.7063485 -0.14408 -0.2156308 0.9657869 0.14408 0.2156308 0.9657869 0.3932684 0.5885673 0.7063488 0.5367169 0.8032529 0.2583016 0.5367169 0.8032529 -0.2583016 0.3932684 0.5885672 -0.7063488 0.14408 0.2156308 -0.9657869 -0.14408 -0.2156308 -0.9657869 -0.3932682 -0.5885675 -0.7063486 -0.5367165 -0.8032531 -0.2583023 -0.4272788 -0.8664369 0.2583017 -0.3130801 -0.6348645 0.7063483 -0.1147016 -0.2325924 0.9657869 0.1147017 0.2325922 0.9657869 0.3130803 0.634864 0.7063488 0.4272799 0.8664363 0.258302 0.4272799 0.8664363 -0.258302 0.3130803 0.634864 -0.7063487 0.1147017 0.2325923 -0.9657869 -0.1147016 -0.2325924 -0.9657869 -0.3130801 -0.6348645 -0.7063483 -0.4272788 -0.8664369 -0.2583017 -0.310532 -0.914795 0.258302 -0.227536 -0.6702982 0.7063482 -0.08336114 -0.2455741 0.9657869 0.0833612 0.2455741 0.9657868 0.227536 0.6702976 0.7063488 0.3105319 0.9147952 0.2583014 0.3105319 0.9147952 -0.2583014 0.2275359 0.6702976 -0.7063488 0.0833612 0.2455741 -0.9657868 -0.08336114 -0.2455741 -0.9657869 -0.2275356 -0.6702983 -0.7063482 -0.310532 -0.914795 -0.2583021 -0.1884698 -0.9475014 0.2583025 -0.1380975 -0.6942629 0.7063485 -0.05059397 -0.2543541 0.9657869 0.05059409 0.254354 0.9657869 0.1380975 0.6942628 0.7063485 0.1884692 0.9475015 0.2583025 0.1884692 0.9475015 -0.2583025 0.1380975 0.6942629 -0.7063485 0.05059409 0.254354 -0.9657869 -0.05059397 -0.2543541 -0.9657868 -0.1380975 -0.6942628 -0.7063485 -0.1884698 -0.9475014 -0.2583025 -0.06318455 -0.9639956 0.2583025 -0.04629725 -0.7063484 0.7063488 -0.01696163 -0.258782 0.9657868 0.01696151 0.258782 0.9657868 0.04629749 0.7063484 0.7063488 0.06318467 0.9639956 0.258302 0.06318467 0.9639956 -0.258302 0.04629749 0.7063484 -0.7063488 0.01696151 0.258782 -0.9657868 -0.01696163 -0.258782 -0.9657868 -0.04629731 -0.7063484 -0.7063487 -0.06318455 -0.9639956 -0.2583025 0.06318432 -0.9639955 0.2583026 0.04629635 -0.7063486 0.7063486 0.01696139 -0.2587817 0.9657869 -0.01696139 0.2587818 0.9657868 -0.04629677 0.7063485 0.7063485 -0.06318426 0.9639957 0.2583022 -0.06318426 0.9639957 -0.2583022 -0.04629677 0.7063485 -0.7063485 -0.01696145 0.2587818 -0.9657868 0.01696139 -0.2587817 -0.9657869 0.04629647 -0.7063486 -0.7063485 0.06318432 -0.9639955 -0.2583026 0.1884698 -0.9475017 0.2583015 0.1380974 -0.6942627 0.7063487 0.05059397 -0.2543541 0.9657868 -0.05059409 0.2543541 0.9657868 -0.1380971 0.6942628 0.7063487 -0.1884692 0.9475018 0.2583016 -0.1884692 0.9475018 -0.2583016 -0.1380971 0.6942628 -0.7063487 -0.05059409 0.2543541 -0.9657869 0.05059403 -0.2543541 -0.9657868 0.1380974 -0.6942626 -0.7063487 0.1884698 -0.9475017 -0.2583015 0.3105308 -0.9147956 0.2583014 0.227536 -0.6702978 0.7063484 0.08336132 -0.245574 0.9657869 -0.08336102 0.2455741 0.9657869 -0.2275353 0.6702981 0.7063486 -0.3105319 0.9147952 0.2583015 -0.3105319 0.9147952 -0.2583015 -0.2275359 0.6702979 -0.7063485 -0.08336102 0.2455741 -0.9657869 0.08336132 -0.245574 -0.9657869 0.227536 -0.6702978 -0.7063484 0.3105308 -0.9147956 -0.2583014 0.4272795 -0.8664363 0.2583028 0.3130803 -0.6348645 0.7063482 0.1147015 -0.2325924 0.9657869 -0.1147021 0.2325923 0.9657868 -0.3130798 0.6348639 0.706349 -0.42728 0.8664367 0.2583011 -0.42728 0.8664366 -0.258301 -0.3130798 0.6348639 -0.706349 -0.1147021 0.2325923 -0.9657869 0.1147015 -0.2325924 -0.9657869 0.3130803 -0.6348645 -0.7063483 0.4272795 -0.8664363 -0.2583028 0.5367159 -0.8032538 0.2583007 0.3932676 -0.5885675 0.706349 0.1440798 -0.215631 0.9657869 -0.1440797 0.215631 0.9657868 -0.393268 0.5885679 0.7063486 -0.5367161 0.8032534 0.2583021 -0.5367161 0.8032534 -0.2583021 -0.3932679 0.5885678 -0.7063486 -0.1440797 0.215631 -0.9657868 0.1440798 -0.215631 -0.9657868 0.3932676 -0.5885676 -0.706349 0.5367159 -0.8032538 -0.2583007 0.6369702 -0.7263259 0.2583018 0.4667274 -0.5322004 0.7063485 0.1709927 -0.19498 0.9657869 -0.1709928 0.1949799 0.9657869 -0.466727 0.5322005 0.7063487 -0.6369702 0.7263257 0.2583019 -0.6369702 0.7263257 -0.2583019 -0.466727 0.5322005 -0.7063487 -0.1709928 0.1949799 -0.9657869 0.1709927 -0.19498 -0.9657869 0.4667273 -0.5322003 -0.7063485 0.6369702 -0.7263259 -0.2583018 0.7263252 -0.6369707 0.2583025 0.5322007 -0.4667274 0.7063482 0.1949799 -0.1709927 0.9657869 -0.1949799 0.1709929 0.9657868 -0.5322 0.4667274 0.7063488 -0.7263254 0.6369708 0.2583015 -0.7263254 0.6369708 -0.2583015 -0.5322 0.4667274 -0.7063488 -0.1949799 0.1709929 -0.9657868 0.1949799 -0.1709927 -0.9657869 0.5322007 -0.4667275 -0.7063482 0.7263252 -0.6369707 -0.2583025 0.8032529 -0.5367166 0.258302 0.5885674 -0.3932683 0.7063487 0.215631 -0.1440799 0.9657868 -0.215631 0.1440799 0.9657868 -0.5885676 0.3932679 0.7063487 -0.8032534 0.5367161 0.2583017 -0.8032534 0.5367161 -0.2583017 -0.5885676 0.3932679 -0.7063487 -0.215631 0.1440799 -0.9657868 0.215631 -0.1440799 -0.9657868 0.5885674 -0.3932684 -0.7063486 0.8032529 -0.5367166 -0.258302 0.8664368 -0.427279 0.2583017 0.6348643 -0.3130801 0.7063484 0.2325922 -0.1147019 0.965787 -0.2325924 0.1147019 0.9657868 -0.634864 0.3130801 0.7063488 -0.8664367 0.4272794 0.2583016 -0.8664367 0.4272794 -0.2583016 -0.634864 0.3130801 -0.7063488 -0.2325924 0.114702 -0.9657868 0.2325922 -0.1147019 -0.965787 0.6348643 -0.3130801 -0.7063485 0.8664368 -0.427279 -0.2583017 0.9147949 -0.3105317 0.2583029 0.6702982 -0.2275359 0.7063482 0.245574 -0.0833612 0.9657868 -0.2455741 0.08336108 0.9657869 -0.6702978 0.2275356 0.7063485 -0.9147951 0.310532 0.258302 -0.9147951 0.310532 -0.258302 -0.6702978 0.2275356 -0.7063487 -0.2455741 0.08336108 -0.9657869 0.245574 -0.0833612 -0.9657868 0.6702982 -0.2275359 -0.7063482 0.9147949 -0.3105317 -0.2583029 0.9475017 -0.1884684 0.2583023 0.6942629 -0.1380974 0.7063484 0.2543539 -0.05059403 0.965787 -0.2543538 0.05059403 0.9657869 -0.6942626 0.1380974 0.7063487 -0.9475017 0.1884698 0.2583014 -0.9475017 0.1884698 -0.2583015 -0.6942628 0.1380974 -0.7063487 -0.2543538 0.05059403 -0.9657869 0.2543539 -0.05059403 -0.965787 0.6942629 -0.1380972 -0.7063484 0.9475017 -0.1884684 -0.2583023 0.9639962 -0.0631833 0.2583007 0.7063486 -0.04629629 0.7063486 0.2587817 -0.01696121 0.9657869 -0.2587817 0.01696139 0.9657869 -0.7063485 0.04629659 0.7063485 -0.9639959 0.06318366 0.2583016 -0.9639959 0.06318366 -0.2583016 -0.7063485 0.04629659 -0.7063486 -0.2587817 0.01696139 -0.9657869 0.2587817 -0.01696121 -0.9657869 0.7063486 -0.04629629 -0.7063486 0.9639962 -0.0631833 -0.2583007</float_array>
          <technique_common>
            <accessor source="#Torus-mesh-normals-array" count="1152" stride="3">
              <param name="X" type="float"/>
              <param name="Y" type="float"/>
              <param name="Z" type="float"/>
            </accessor>
          </technique_common>
        </source>
        <vertices id="Torus-mesh-vertices">
          <input semantic="POSITION" source="#Torus-mesh-positions"/>
        </vertices>
        <polylist count="1152">
          <input semantic="VERTEX" source="#Torus-mesh-vertices" offset="0"/>
          <input semantic="NORMAL" source="#Torus-mesh-normals" offset="1"/>
          <vcount>3 3 3 3 3 3 3 3 3 3 3 3 3 3 3 3 3 3 3 3 3 3 3 3 3 3 3 3 3 3 3 3 3 3 3 3 3 3 3 3 3 3 3 3 3 3 3 3 3 3 3 3 3 3 3 3 3 3 3 3 3 3 3 3 3 3 3 3 3 3 3 3 3 3 3 3 3 3 3 3 3 3 3 3 3 3 3 3 3 3 3 3 3 3 3 3 3 3 3 3 3 3 3 3 3 3 3 3 3 3 3 3 3 3 3 3 3 3 3 3 3 3 3 3 3 3 3 3 3 3 3 3 3 3 3 3 3 3 3 3 3 3 3 3 3 3 3 3 3 3 3 3 3 3 3 3 3 3 3 3 3 3 3 3 3 3 3 3 3 3 3 3 3 3 3 3 3 3 3 3 3 3 3 3 3 3 3 3 3 3 3 3 3 3 3 3 3 3 3 3 3 3 3 3 3 3 3 3 3 3 3 3 3 3 3 3 3 3 3 3 3 3 3 3 3 3 3 3 3 3 3 3 3 3 3 3 3 3 3 3 3 3 3 3 3 3 3 3 3 3 3 3 3 3 3 3 3 3 3 3 3 3 3 3 3 3 3 3 3 3 3 3 3 3 3 3 3 3 3 3 3 3 3 3 3 3 3 3 3 3 3 3 3 3 3 3 3 3 3 3 3 3 3 3 3 3 3 3 3 3 3 3 3 3 3 3 3 3 3 3 3 3 3 3 3 3 3 3 3 3 3 3 3 3 3 3 3 3 3 3 3 3 3 3 3 3 3 3 3 3 3 3 3 3 3 3 3 3 3 3 3 3 3 3 3 3 3 3 3 3 3 3 3 3 3 3 3 3 3 3 3 3 3 3 3 3 3 3 3 3 3 3 3 3 3 3 3 3 3 3 3 3 3 3 3 3 3 3 3 3 3 3 3 3 3 3 3 3 3 3 3 3 3 3 3 3 3 3 3 3 3 3 3 3 3 3 3 3 3 3 3 3 3 3 3 3 3 3 3 3 3 3 3 3 3 3 3 3 3 3 3 3 3 3 3 3 3 3 3 3 3 3 3 3 3 3 3 3 3 3 3 3 3 3 3 3 3 3 3 3 3 3 3 3 3 3 3 3 3 3 3 3 3 3 3 3 3 3 3 3 3 3 3 3 3 3 3 3 3 3 3 3 3 3 3 3 3 3 3 3 3 3 3 3 3 3 3 3 3 3 3 3 3 3 3 3 3 3 3 3 3 3 3 3 3 3 3 3 3 3 3 3 3 3 3 3 3 3 3 3 3 3 3 3 3 3 3 3 3 3 3 3 3 3 3 3 3 3 3 3 3 3 3 3 3 3 3 3 3 3 3 3 3 3 3 3 3 3 3 3 3 3 3 3 3 3 3 3 3 3 3 3 3 3 3 3 3 3 3 3 3 3 3 3 3 3 3 3 3 3 3 3 3 3 3 3 3 3 3 3 3 3 3 3 3 3 3 3 3 3 3 3 3 3 3 3 3 3 3 3 3 3 3 3 3 3 3 3 3 3 3 3 3 3 3 3 3 3 3 3 3 3 3 3 3 3 3 3 3 3 3 3 3 3 3 3 3 3 3 3 3 3 3 3 3 3 3 3 3 3 3 3 3 3 3 3 3 3 3 3 3 3 3 3 3 3 3 3 3 3 3 3 3 3 3 3 3 3 3 3 3 3 3 3 3 3 3 3 3 3 3 3 3 3 3 3 3 3 3 3 3 3 3 3 3 3 3 3 3 3 3 3 3 3 3 3 3 3 3 3 3 3 3 3 3 3 3 3 3 3 3 3 3 3 3 3 3 3 3 3 3 3 3 3 3 3 3 3 3 3 3 3 3 3 3 3 3 3 3 3 3 3 3 3 3 3 3 3 3 3 3 3 3 3 3 3 3 3 3 3 3 3 3 3 3 3 3 3 3 3 3 3 3 3 3 3 3 3 3 3 3 3 3 3 3 3 3 3 3 3 3 3 3 3 3 3 3 3 3 3 3 3 3 3 3 3 3 3 3 3 3 3 3 3 3 3 3 3 3 3 3 3 3 3 3 3 3 3 3 3 3 3 3 3 3 3 3 3 3 3 3 3 3 3 3 3 3 3 3 3 3 3 3 3 3 3 3 3 3 3 3 3 3 3 3 3 3 3 3 3 3 3 3 3 3 3 3 3 3 3 3 3 3 3 3 3 3 3 3 3 3 3 3 3 3 3 3 3 3 3 3 3 3 3 3 3 3 3 3 3 3 3 3 3 3 3 3 3 3 3 3 3 3 3 3 3 3 3 3 3 3 3 3 3 3 3 3 3 3 3 3 3 3 3 3 3 3 3 3 3 3 3 3 3 3 3 3 3 3 3 3 3 3 3 3 3 3 3 3 3 3 3 3 3 3 3 3 3 3 3 3 3 3 3 3 3 3 3 3 3 3 3 3 3 3 3 3 3 3 3 3 3 3 3 3 3 3 3 3 3 3 3 3 3 3 3 3 3 3 3 3 3 3 3 3 3 3 3 3 3 3 3 3 3 3 3 3 3 3 3 3 3 3 3 3 3 3 3 3 3 3 3 3 3 3 3 3 3 3 3 3 3 </vcount>
          <p>12 0 13 0 1 0 1 1 13 1 14 1 2 2 14 2 15 2 3 3 15 3 16 3 4 4 16 4 17 4 5 5 17 5 18 5 18 6 19 6 7 6 19 7 20 7 8 7 20 8 21 8 9 8 21 9 22 9 10 9 22 10 23 10 11 10 11 11 23 11 12 11 12 12 24 12 25 12 13 13 25 13 26 13 14 14 26 14 27 14 15 15 27 15 28 15 16 16 28 16 29 16 17 17 29 17 30 17 30 18 31 18 19 18 31 19 32 19 20 19 32 20 33 20 21 20 33 21 34 21 22 21 34 22 35 22 23 22 35 23 24 23 12 23 36 24 37 24 25 24 37 25 38 25 26 25 38 26 39 26 27 26 27 27 39 27 40 27 40 28 41 28 29 28 29 29 41 29 42 29 42 30 43 30 31 30 31 31 43 31 44 31 44 32 45 32 33 32 33 33 45 33 46 33 34 34 46 34 47 34 47 35 36 35 24 35 48 36 49 36 37 36 37 37 49 37 50 37 50 38 51 38 39 38 51 39 52 39 40 39 52 40 53 40 41 40 41 41 53 41 54 41 54 42 55 42 43 42 43 43 55 43 56 43 44 44 56 44 57 44 45 45 57 45 58 45 58 46 59 46 47 46 47 47 59 47 48 47 60 48 61 48 49 48 61 49 62 49 50 49 62 50 63 50 51 50 51 51 63 51 64 51 52 52 64 52 65 52 53 53 65 53 66 53 66 54 67 54 55 54 67 55 68 55 56 55 68 56 69 56 57 56 57 57 69 57 70 57 70 58 71 58 59 58 59 59 71 59 60 59 72 60 73 60 61 60 73 61 74 61 62 61 74 62 75 62 63 62 75 63 76 63 64 63 76 64 77 64 65 64 77 65 78 65 66 65 66 66 78 66 79 66 67 67 79 67 80 67 68 68 80 68 81 68 69 69 81 69 82 69 70 70 82 70 83 70 71 71 83 71 72 71 84 72 85 72 73 72 85 73 86 73 74 73 86 74 87 74 75 74 87 75 88 75 76 75 76 76 88 76 89 76 77 77 89 77 90 77 90 78 91 78 79 78 91 79 92 79 80 79 80 80 92 80 93 80 81 81 93 81 94 81 82 82 94 82 95 82 83 83 95 83 84 83 84 84 96 84 97 84 85 85 97 85 98 85 86 86 98 86 99 86 99 87 100 87 88 87 88 88 100 88 101 88 101 89 102 89 90 89 90 90 102 90 103 90 103 91 104 91 92 91 92 92 104 92 105 92 105 93 106 93 94 93 106 94 107 94 95 94 107 95 96 95 84 95 96 96 108 96 109 96 109 97 110 97 98 97 110 98 111 98 99 98 111 99 112 99 100 99 112 100 113 100 101 100 113 101 114 101 102 101 102 102 114 102 115 102 103 103 115 103 116 103 104 104 116 104 117 104 105 105 117 105 118 105 106 106 118 106 119 106 119 107 108 107 96 107 108 108 120 108 121 108 121 109 122 109 110 109 122 110 123 110 111 110 111 111 123 111 124 111 112 112 124 112 125 112 113 113 125 113 126 113 126 114 127 114 115 114 127 115 128 115 116 115 128 116 129 116 117 116 129 117 130 117 118 117 130 118 131 118 119 118 131 119 120 119 108 119 120 120 132 120 133 120 121 121 133 121 134 121 122 122 134 122 135 122 135 123 136 123 124 123 136 124 137 124 125 124 125 125 137 125 138 125 138 126 139 126 127 126 139 127 140 127 128 127 140 128 141 128 129 128 141 129 142 129 130 129 142 130 143 130 131 130 143 131 132 131 120 131 132 132 144 132 145 132 145 133 146 133 134 133 146 134 147 134 135 134 135 135 147 135 148 135 136 136 148 136 149 136 137 137 149 137 150 137 150 138 151 138 139 138 151 139 152 139 140 139 152 140 153 140 141 140 141 141 153 141 154 141 154 142 155 142 143 142 155 143 144 143 132 143 144 144 156 144 157 144 145 145 157 145 158 145 158 146 159 146 147 146 159 147 160 147 148 147 160 148 161 148 149 148 161 149 162 149 150 149 150 150 162 150 163 150 151 151 163 151 164 151 152 152 164 152 165 152 153 153 165 153 166 153 166 154 167 154 155 154 167 155 156 155 144 155 156 156 168 156 169 156 157 157 169 157 170 157 158 158 170 158 171 158 159 159 171 159 172 159 160 160 172 160 173 160 173 161 174 161 162 161 162 162 174 162 175 162 175 163 176 163 164 163 176 164 177 164 165 164 177 165 178 165 166 165 178 166 179 166 167 166 179 167 168 167 156 167 180 168 181 168 169 168 181 169 182 169 170 169 170 170 182 170 183 170 183 171 184 171 172 171 184 172 185 172 173 172 185 173 186 173 174 173 174 174 186 174 187 174 175 175 187 175 188 175 176 176 188 176 189 176 189 177 190 177 178 177 178 178 190 178 191 178 179 179 191 179 180 179 192 180 193 180 181 180 181 181 193 181 194 181 182 182 194 182 195 182 183 183 195 183 196 183 184 184 196 184 197 184 197 185 198 185 186 185 186 186 198 186 199 186 199 187 200 187 188 187 200 188 201 188 189 188 201 189 202 189 190 189 202 190 203 190 191 190 191 191 203 191 192 191 204 192 205 192 193 192 193 193 205 193 206 193 206 194 207 194 195 194 195 195 207 195 208 195 208 196 209 196 197 196 197 197 209 197 210 197 210 198 211 198 199 198 199 199 211 199 212 199 212 200 213 200 201 200 201 201 213 201 214 201 214 202 215 202 203 202 203 203 215 203 204 203 216 204 217 204 205 204 217 205 218 205 206 205 218 206 219 206 207 206 219 207 220 207 208 207 220 208 221 208 209 208 209 209 221 209 222 209 222 210 223 210 211 210 211 211 223 211 224 211 212 212 224 212 225 212 213 213 225 213 226 213 226 214 227 214 215 214 215 215 227 215 216 215 228 216 229 216 217 216 217 217 229 217 230 217 218 218 230 218 231 218 219 219 231 219 232 219 220 220 232 220 233 220 221 221 233 221 234 221 234 222 235 222 223 222 235 223 236 223 224 223 236 224 237 224 225 224 237 225 238 225 226 225 238 226 239 226 227 226 227 227 239 227 228 227 240 228 241 228 229 228 229 229 241 229 242 229 230 230 242 230 243 230 231 231 243 231 244 231 232 232 244 232 245 232 233 233 245 233 246 233 246 234 247 234 235 234 247 235 248 235 236 235 248 236 249 236 237 236 249 237 250 237 238 237 250 238 251 238 239 238 239 239 251 239 240 239 252 240 253 240 241 240 253 241 254 241 242 241 254 242 255 242 243 242 255 243 256 243 244 243 256 244 257 244 245 244 257 245 258 245 246 245 246 246 258 246 259 246 247 247 259 247 260 247 248 248 260 248 261 248 249 249 261 249 262 249 250 250 262 250 263 250 251 251 263 251 252 251 252 252 264 252 265 252 253 253 265 253 266 253 254 254 266 254 267 254 255 255 267 255 268 255 256 256 268 256 269 256 257 257 269 257 270 257 270 258 271 258 259 258 271 259 272 259 260 259 272 260 273 260 261 260 273 261 274 261 262 261 274 262 275 262 263 262 275 263 264 263 252 263 276 264 277 264 265 264 277 265 278 265 266 265 278 266 279 266 267 266 279 267 280 267 268 267 268 268 280 268 281 268 281 269 282 269 270 269 270 270 282 270 283 270 283 271 284 271 272 271 284 272 285 272 273 272 285 273 286 273 274 273 274 274 286 274 287 274 275 275 287 275 276 275 288 276 289 276 277 276 289 277 290 277 278 277 290 278 291 278 279 278 291 279 292 279 280 279 292 280 293 280 281 280 293 281 294 281 282 281 282 282 294 282 295 282 283 283 295 283 296 283 284 284 296 284 297 284 285 285 297 285 298 285 286 286 298 286 299 286 299 287 288 287 276 287 300 288 301 288 289 288 289 289 301 289 302 289 290 290 302 290 303 290 291 291 303 291 304 291 292 292 304 292 305 292 293 293 305 293 306 293 306 294 307 294 295 294 307 295 308 295 296 295 308 296 309 296 297 296 309 297 310 297 298 297 310 298 311 298 299 298 311 299 300 299 288 299 300 300 312 300 313 300 301 301 313 301 314 301 314 302 315 302 303 302 315 303 316 303 304 303 316 304 317 304 305 304 305 305 317 305 318 305 318 306 319 306 307 306 307 307 319 307 320 307 320 308 321 308 309 308 321 309 322 309 310 309 322 310 323 310 311 310 323 311 312 311 300 311 312 312 324 312 325 312 325 313 326 313 314 313 326 314 327 314 315 314 327 315 328 315 316 315 328 316 329 316 317 316 329 317 330 317 318 317 318 318 330 318 331 318 319 319 331 319 332 319 320 320 332 320 333 320 321 321 333 321 334 321 322 322 334 322 335 322 335 323 324 323 312 323 324 324 336 324 337 324 325 325 337 325 338 325 326 326 338 326 339 326 327 327 339 327 340 327 328 328 340 328 341 328 329 329 341 329 342 329 342 330 343 330 331 330 343 331 344 331 332 331 344 332 345 332 333 332 345 333 346 333 334 333 346 334 347 334 335 334 347 335 336 335 324 335 336 336 348 336 349 336 349 337 350 337 338 337 338 338 350 338 351 338 351 339 352 339 340 339 352 340 353 340 341 340 353 341 354 341 342 341 342 342 354 342 355 342 343 343 355 343 356 343 344 344 356 344 357 344 357 345 358 345 346 345 346 346 358 346 359 346 359 347 348 347 336 347 348 348 360 348 361 348 361 349 362 349 350 349 362 350 363 350 351 350 363 351 364 351 352 351 364 352 365 352 353 352 365 353 366 353 354 353 354 354 366 354 367 354 355 355 367 355 368 355 356 356 368 356 369 356 357 357 369 357 370 357 358 358 370 358 371 358 371 359 360 359 348 359 360 360 372 360 373 360 361 361 373 361 374 361 362 362 374 362 375 362 363 363 375 363 376 363 364 364 376 364 377 364 377 365 378 365 366 365 366 366 378 366 379 366 379 367 380 367 368 367 380 368 381 368 369 368 381 369 382 369 370 369 382 370 383 370 371 370 383 371 372 371 360 371 372 372 384 372 385 372 385 373 386 373 374 373 374 374 386 374 387 374 387 375 388 375 376 375 376 376 388 376 389 376 389 377 390 377 378 377 378 378 390 378 391 378 391 379 392 379 380 379 380 380 392 380 393 380 393 381 394 381 382 381 382 382 394 382 395 382 395 383 384 383 372 383 384 384 396 384 397 384 397 385 398 385 386 385 398 386 399 386 387 386 399 387 400 387 388 387 400 388 401 388 389 388 389 389 401 389 402 389 402 390 403 390 391 390 391 391 403 391 404 391 392 392 404 392 405 392 393 393 405 393 406 393 394 394 406 394 407 394 407 395 396 395 384 395 408 396 409 396 397 396 409 397 410 397 398 397 410 398 411 398 399 398 399 399 411 399 412 399 400 400 412 400 413 400 413 401 414 401 402 401 402 402 414 402 415 402 415 403 416 403 404 403 416 404 417 404 405 404 405 405 417 405 418 405 418 406 419 406 407 406 407 407 419 407 408 407 420 408 421 408 409 408 421 409 422 409 410 409 422 410 423 410 411 410 423 411 424 411 412 411 424 412 425 412 413 412 425 413 426 413 414 413 414 414 426 414 427 414 415 415 427 415 428 415 416 416 428 416 429 416 417 417 429 417 430 417 418 418 430 418 431 418 419 419 431 419 420 419 432 420 433 420 421 420 421 421 433 421 434 421 422 422 434 422 435 422 423 423 435 423 436 423 424 424 436 424 437 424 425 425 437 425 438 425 438 426 439 426 427 426 439 427 440 427 428 427 440 428 441 428 429 428 441 429 442 429 430 429 442 430 443 430 431 430 431 431 443 431 432 431 444 432 445 432 433 432 445 433 446 433 434 433 434 434 446 434 447 434 447 435 448 435 436 435 448 436 449 436 437 436 449 437 450 437 438 437 438 438 450 438 451 438 439 439 451 439 452 439 440 440 452 440 453 440 453 441 454 441 442 441 454 442 455 442 443 442 443 443 455 443 444 443 456 444 457 444 445 444 457 445 458 445 446 445 458 446 459 446 447 446 459 447 460 447 448 447 448 448 460 448 461 448 449 449 461 449 462 449 462 450 463 450 451 450 463 451 464 451 452 451 452 452 464 452 465 452 453 453 465 453 466 453 454 454 466 454 467 454 455 455 467 455 456 455 468 456 469 456 457 456 469 457 470 457 458 457 470 458 471 458 459 458 471 459 472 459 460 459 472 460 473 460 461 460 473 461 474 461 462 461 462 462 474 462 475 462 475 463 476 463 464 463 464 464 476 464 477 464 465 465 477 465 478 465 466 466 478 466 479 466 467 467 479 467 468 467 480 468 481 468 469 468 469 469 481 469 482 469 470 470 482 470 483 470 471 471 483 471 484 471 472 472 484 472 485 472 473 473 485 473 486 473 486 474 487 474 475 474 487 475 488 475 476 475 488 476 489 476 477 476 489 477 490 477 478 477 490 478 491 478 479 478 479 479 491 479 480 479 492 480 493 480 481 480 481 481 493 481 494 481 482 482 494 482 495 482 483 483 495 483 496 483 484 484 496 484 497 484 497 485 498 485 486 485 486 486 498 486 499 486 499 487 500 487 488 487 500 488 501 488 489 488 501 489 502 489 490 489 502 490 503 490 491 490 491 491 503 491 492 491 504 492 505 492 493 492 505 493 506 493 494 493 506 494 507 494 495 494 507 495 508 495 496 495 496 496 508 496 509 496 509 497 510 497 498 497 498 498 510 498 511 498 511 499 512 499 500 499 500 500 512 500 513 500 501 501 513 501 514 501 502 502 514 502 515 502 503 503 515 503 504 503 504 504 516 504 517 504 505 505 517 505 518 505 518 506 519 506 507 506 519 507 520 507 508 507 508 508 520 508 521 508 509 509 521 509 522 509 522 510 523 510 511 510 523 511 524 511 512 511 512 512 524 512 525 512 513 513 525 513 526 513 526 514 527 514 515 514 527 515 516 515 504 515 516 516 528 516 529 516 529 517 530 517 518 517 518 518 530 518 531 518 531 519 532 519 520 519 532 520 533 520 521 520 533 521 534 521 522 521 522 522 534 522 535 522 523 523 535 523 536 523 524 524 536 524 537 524 537 525 538 525 526 525 538 526 539 526 527 526 539 527 528 527 516 527 528 528 540 528 541 528 541 529 542 529 530 529 530 530 542 530 543 530 543 531 544 531 532 531 544 532 545 532 533 532 545 533 546 533 534 533 534 534 546 534 547 534 535 535 547 535 548 535 536 536 548 536 549 536 549 537 550 537 538 537 538 538 550 538 551 538 551 539 540 539 528 539 540 540 552 540 553 540 541 541 553 541 554 541 542 542 554 542 555 542 543 543 555 543 556 543 544 544 556 544 557 544 545 545 557 545 558 545 558 546 559 546 547 546 559 547 560 547 548 547 560 548 561 548 549 548 561 549 562 549 550 549 562 550 563 550 551 550 563 551 552 551 540 551 564 552 565 552 553 552 565 553 566 553 554 553 566 554 567 554 555 554 567 555 568 555 556 555 556 556 568 556 569 556 569 557 570 557 558 557 558 558 570 558 571 558 571 559 572 559 560 559 560 560 572 560 573 560 561 561 573 561 574 561 574 562 575 562 563 562 563 563 575 563 564 563 564 564 0 564 1 564 1 565 2 565 566 565 2 566 3 566 567 566 3 567 4 567 568 567 4 568 5 568 569 568 5 569 6 569 570 569 570 570 6 570 7 570 571 571 7 571 8 571 572 572 8 572 9 572 573 573 9 573 10 573 574 574 10 574 11 574 11 575 0 575 564 575 0 576 12 576 1 576 2 577 1 577 14 577 3 578 2 578 15 578 4 579 3 579 16 579 5 580 4 580 17 580 6 581 5 581 18 581 6 582 18 582 7 582 7 583 19 583 8 583 8 584 20 584 9 584 9 585 21 585 10 585 10 586 22 586 11 586 0 587 11 587 12 587 13 588 12 588 25 588 14 589 13 589 26 589 15 590 14 590 27 590 16 591 15 591 28 591 17 592 16 592 29 592 18 593 17 593 30 593 18 594 30 594 19 594 19 595 31 595 20 595 20 596 32 596 21 596 21 597 33 597 22 597 22 598 34 598 23 598 23 599 35 599 12 599 24 600 36 600 25 600 25 601 37 601 26 601 26 602 38 602 27 602 28 603 27 603 40 603 28 604 40 604 29 604 30 605 29 605 42 605 30 606 42 606 31 606 32 607 31 607 44 607 32 608 44 608 33 608 34 609 33 609 46 609 35 610 34 610 47 610 35 611 47 611 24 611 36 612 48 612 37 612 38 613 37 613 50 613 38 614 50 614 39 614 39 615 51 615 40 615 40 616 52 616 41 616 42 617 41 617 54 617 42 618 54 618 43 618 44 619 43 619 56 619 45 620 44 620 57 620 46 621 45 621 58 621 46 622 58 622 47 622 36 623 47 623 48 623 48 624 60 624 49 624 49 625 61 625 50 625 50 626 62 626 51 626 52 627 51 627 64 627 53 628 52 628 65 628 54 629 53 629 66 629 54 630 66 630 55 630 55 631 67 631 56 631 56 632 68 632 57 632 58 633 57 633 70 633 58 634 70 634 59 634 48 635 59 635 60 635 60 636 72 636 61 636 61 637 73 637 62 637 62 638 74 638 63 638 63 639 75 639 64 639 64 640 76 640 65 640 65 641 77 641 66 641 67 642 66 642 79 642 68 643 67 643 80 643 69 644 68 644 81 644 70 645 69 645 82 645 71 646 70 646 83 646 60 647 71 647 72 647 72 648 84 648 73 648 73 649 85 649 74 649 74 650 86 650 75 650 75 651 87 651 76 651 77 652 76 652 89 652 78 653 77 653 90 653 78 654 90 654 79 654 79 655 91 655 80 655 81 656 80 656 93 656 82 657 81 657 94 657 83 658 82 658 95 658 72 659 83 659 84 659 85 660 84 660 97 660 86 661 85 661 98 661 87 662 86 662 99 662 87 663 99 663 88 663 89 664 88 664 101 664 89 665 101 665 90 665 91 666 90 666 103 666 91 667 103 667 92 667 93 668 92 668 105 668 93 669 105 669 94 669 94 670 106 670 95 670 95 671 107 671 84 671 97 672 96 672 109 672 97 673 109 673 98 673 98 674 110 674 99 674 99 675 111 675 100 675 100 676 112 676 101 676 101 677 113 677 102 677 103 678 102 678 115 678 104 679 103 679 116 679 105 680 104 680 117 680 106 681 105 681 118 681 107 682 106 682 119 682 107 683 119 683 96 683 109 684 108 684 121 684 109 685 121 685 110 685 110 686 122 686 111 686 112 687 111 687 124 687 113 688 112 688 125 688 114 689 113 689 126 689 114 690 126 690 115 690 115 691 127 691 116 691 116 692 128 692 117 692 117 693 129 693 118 693 118 694 130 694 119 694 119 695 131 695 108 695 121 696 120 696 133 696 122 697 121 697 134 697 123 698 122 698 135 698 123 699 135 699 124 699 124 700 136 700 125 700 126 701 125 701 138 701 126 702 138 702 127 702 127 703 139 703 128 703 128 704 140 704 129 704 129 705 141 705 130 705 130 706 142 706 131 706 131 707 143 707 120 707 133 708 132 708 145 708 133 709 145 709 134 709 134 710 146 710 135 710 136 711 135 711 148 711 137 712 136 712 149 712 138 713 137 713 150 713 138 714 150 714 139 714 139 715 151 715 140 715 140 716 152 716 141 716 142 717 141 717 154 717 142 718 154 718 143 718 143 719 155 719 132 719 145 720 144 720 157 720 146 721 145 721 158 721 146 722 158 722 147 722 147 723 159 723 148 723 148 724 160 724 149 724 149 725 161 725 150 725 151 726 150 726 163 726 152 727 151 727 164 727 153 728 152 728 165 728 154 729 153 729 166 729 154 730 166 730 155 730 155 731 167 731 144 731 157 732 156 732 169 732 158 733 157 733 170 733 159 734 158 734 171 734 160 735 159 735 172 735 161 736 160 736 173 736 161 737 173 737 162 737 163 738 162 738 175 738 163 739 175 739 164 739 164 740 176 740 165 740 165 741 177 741 166 741 166 742 178 742 167 742 167 743 179 743 156 743 168 744 180 744 169 744 169 745 181 745 170 745 171 746 170 746 183 746 171 747 183 747 172 747 172 748 184 748 173 748 173 749 185 749 174 749 175 750 174 750 187 750 176 751 175 751 188 751 177 752 176 752 189 752 177 753 189 753 178 753 179 754 178 754 191 754 168 755 179 755 180 755 180 756 192 756 181 756 182 757 181 757 194 757 183 758 182 758 195 758 184 759 183 759 196 759 185 760 184 760 197 760 185 761 197 761 186 761 187 762 186 762 199 762 187 763 199 763 188 763 188 764 200 764 189 764 189 765 201 765 190 765 190 766 202 766 191 766 180 767 191 767 192 767 192 768 204 768 193 768 194 769 193 769 206 769 194 770 206 770 195 770 196 771 195 771 208 771 196 772 208 772 197 772 198 773 197 773 210 773 198 774 210 774 199 774 200 775 199 775 212 775 200 776 212 776 201 776 202 777 201 777 214 777 202 778 214 778 203 778 192 779 203 779 204 779 204 780 216 780 205 780 205 781 217 781 206 781 206 782 218 782 207 782 207 783 219 783 208 783 208 784 220 784 209 784 210 785 209 785 222 785 210 786 222 786 211 786 212 787 211 787 224 787 213 788 212 788 225 788 214 789 213 789 226 789 214 790 226 790 215 790 204 791 215 791 216 791 216 792 228 792 217 792 218 793 217 793 230 793 219 794 218 794 231 794 220 795 219 795 232 795 221 796 220 796 233 796 222 797 221 797 234 797 222 798 234 798 223 798 223 799 235 799 224 799 224 800 236 800 225 800 225 801 237 801 226 801 226 802 238 802 227 802 216 803 227 803 228 803 228 804 240 804 229 804 230 805 229 805 242 805 231 806 230 806 243 806 232 807 231 807 244 807 233 808 232 808 245 808 234 809 233 809 246 809 234 810 246 810 235 810 235 811 247 811 236 811 236 812 248 812 237 812 237 813 249 813 238 813 238 814 250 814 239 814 228 815 239 815 240 815 240 816 252 816 241 816 241 817 253 817 242 817 242 818 254 818 243 818 243 819 255 819 244 819 244 820 256 820 245 820 245 821 257 821 246 821 247 822 246 822 259 822 248 823 247 823 260 823 249 824 248 824 261 824 250 825 249 825 262 825 251 826 250 826 263 826 240 827 251 827 252 827 253 828 252 828 265 828 254 829 253 829 266 829 255 830 254 830 267 830 256 831 255 831 268 831 257 832 256 832 269 832 258 833 257 833 270 833 258 834 270 834 259 834 259 835 271 835 260 835 260 836 272 836 261 836 261 837 273 837 262 837 262 838 274 838 263 838 263 839 275 839 252 839 264 840 276 840 265 840 265 841 277 841 266 841 266 842 278 842 267 842 267 843 279 843 268 843 269 844 268 844 281 844 269 845 281 845 270 845 271 846 270 846 283 846 271 847 283 847 272 847 272 848 284 848 273 848 273 849 285 849 274 849 275 850 274 850 287 850 264 851 275 851 276 851 276 852 288 852 277 852 277 853 289 853 278 853 278 854 290 854 279 854 279 855 291 855 280 855 280 856 292 856 281 856 281 857 293 857 282 857 283 858 282 858 295 858 284 859 283 859 296 859 285 860 284 860 297 860 286 861 285 861 298 861 287 862 286 862 299 862 287 863 299 863 276 863 288 864 300 864 289 864 290 865 289 865 302 865 291 866 290 866 303 866 292 867 291 867 304 867 293 868 292 868 305 868 294 869 293 869 306 869 294 870 306 870 295 870 295 871 307 871 296 871 296 872 308 872 297 872 297 873 309 873 298 873 298 874 310 874 299 874 299 875 311 875 288 875 301 876 300 876 313 876 302 877 301 877 314 877 302 878 314 878 303 878 303 879 315 879 304 879 304 880 316 880 305 880 306 881 305 881 318 881 306 882 318 882 307 882 308 883 307 883 320 883 308 884 320 884 309 884 309 885 321 885 310 885 310 886 322 886 311 886 311 887 323 887 300 887 313 888 312 888 325 888 313 889 325 889 314 889 314 890 326 890 315 890 315 891 327 891 316 891 316 892 328 892 317 892 317 893 329 893 318 893 319 894 318 894 331 894 320 895 319 895 332 895 321 896 320 896 333 896 322 897 321 897 334 897 323 898 322 898 335 898 323 899 335 899 312 899 325 900 324 900 337 900 326 901 325 901 338 901 327 902 326 902 339 902 328 903 327 903 340 903 329 904 328 904 341 904 330 905 329 905 342 905 330 906 342 906 331 906 331 907 343 907 332 907 332 908 344 908 333 908 333 909 345 909 334 909 334 910 346 910 335 910 335 911 347 911 324 911 337 912 336 912 349 912 337 913 349 913 338 913 339 914 338 914 351 914 339 915 351 915 340 915 340 916 352 916 341 916 341 917 353 917 342 917 343 918 342 918 355 918 344 919 343 919 356 919 345 920 344 920 357 920 345 921 357 921 346 921 347 922 346 922 359 922 347 923 359 923 336 923 349 924 348 924 361 924 349 925 361 925 350 925 350 926 362 926 351 926 351 927 363 927 352 927 352 928 364 928 353 928 353 929 365 929 354 929 355 930 354 930 367 930 356 931 355 931 368 931 357 932 356 932 369 932 358 933 357 933 370 933 359 934 358 934 371 934 359 935 371 935 348 935 361 936 360 936 373 936 362 937 361 937 374 937 363 938 362 938 375 938 364 939 363 939 376 939 365 940 364 940 377 940 365 941 377 941 366 941 367 942 366 942 379 942 367 943 379 943 368 943 368 944 380 944 369 944 369 945 381 945 370 945 370 946 382 946 371 946 371 947 383 947 360 947 373 948 372 948 385 948 373 949 385 949 374 949 375 950 374 950 387 950 375 951 387 951 376 951 377 952 376 952 389 952 377 953 389 953 378 953 379 954 378 954 391 954 379 955 391 955 380 955 381 956 380 956 393 956 381 957 393 957 382 957 383 958 382 958 395 958 383 959 395 959 372 959 385 960 384 960 397 960 385 961 397 961 386 961 386 962 398 962 387 962 387 963 399 963 388 963 388 964 400 964 389 964 390 965 389 965 402 965 390 966 402 966 391 966 392 967 391 967 404 967 393 968 392 968 405 968 394 969 393 969 406 969 395 970 394 970 407 970 395 971 407 971 384 971 396 972 408 972 397 972 397 973 409 973 398 973 398 974 410 974 399 974 400 975 399 975 412 975 401 976 400 976 413 976 401 977 413 977 402 977 403 978 402 978 415 978 403 979 415 979 404 979 404 980 416 980 405 980 406 981 405 981 418 981 406 982 418 982 407 982 396 983 407 983 408 983 408 984 420 984 409 984 409 985 421 985 410 985 410 986 422 986 411 986 411 987 423 987 412 987 412 988 424 988 413 988 413 989 425 989 414 989 415 990 414 990 427 990 416 991 415 991 428 991 417 992 416 992 429 992 418 993 417 993 430 993 419 994 418 994 431 994 408 995 419 995 420 995 420 996 432 996 421 996 422 997 421 997 434 997 423 998 422 998 435 998 424 999 423 999 436 999 425 1000 424 1000 437 1000 426 1001 425 1001 438 1001 426 1002 438 1002 427 1002 427 1003 439 1003 428 1003 428 1004 440 1004 429 1004 429 1005 441 1005 430 1005 430 1006 442 1006 431 1006 420 1007 431 1007 432 1007 432 1008 444 1008 433 1008 433 1009 445 1009 434 1009 435 1010 434 1010 447 1010 435 1011 447 1011 436 1011 436 1012 448 1012 437 1012 437 1013 449 1013 438 1013 439 1014 438 1014 451 1014 440 1015 439 1015 452 1015 441 1016 440 1016 453 1016 441 1017 453 1017 442 1017 442 1018 454 1018 443 1018 432 1019 443 1019 444 1019 444 1020 456 1020 445 1020 445 1021 457 1021 446 1021 446 1022 458 1022 447 1022 447 1023 459 1023 448 1023 449 1024 448 1024 461 1024 450 1025 449 1025 462 1025 450 1026 462 1026 451 1026 451 1027 463 1027 452 1027 453 1028 452 1028 465 1028 454 1029 453 1029 466 1029 455 1030 454 1030 467 1030 444 1031 455 1031 456 1031 456 1032 468 1032 457 1032 457 1033 469 1033 458 1033 458 1034 470 1034 459 1034 459 1035 471 1035 460 1035 460 1036 472 1036 461 1036 461 1037 473 1037 462 1037 463 1038 462 1038 475 1038 463 1039 475 1039 464 1039 465 1040 464 1040 477 1040 466 1041 465 1041 478 1041 467 1042 466 1042 479 1042 456 1043 467 1043 468 1043 468 1044 480 1044 469 1044 470 1045 469 1045 482 1045 471 1046 470 1046 483 1046 472 1047 471 1047 484 1047 473 1048 472 1048 485 1048 474 1049 473 1049 486 1049 474 1050 486 1050 475 1050 475 1051 487 1051 476 1051 476 1052 488 1052 477 1052 477 1053 489 1053 478 1053 478 1054 490 1054 479 1054 468 1055 479 1055 480 1055 480 1056 492 1056 481 1056 482 1057 481 1057 494 1057 483 1058 482 1058 495 1058 484 1059 483 1059 496 1059 485 1060 484 1060 497 1060 485 1061 497 1061 486 1061 487 1062 486 1062 499 1062 487 1063 499 1063 488 1063 488 1064 500 1064 489 1064 489 1065 501 1065 490 1065 490 1066 502 1066 491 1066 480 1067 491 1067 492 1067 492 1068 504 1068 493 1068 493 1069 505 1069 494 1069 494 1070 506 1070 495 1070 495 1071 507 1071 496 1071 497 1072 496 1072 509 1072 497 1073 509 1073 498 1073 499 1074 498 1074 511 1074 499 1075 511 1075 500 1075 501 1076 500 1076 513 1076 502 1077 501 1077 514 1077 503 1078 502 1078 515 1078 492 1079 503 1079 504 1079 505 1080 504 1080 517 1080 506 1081 505 1081 518 1081 506 1082 518 1082 507 1082 507 1083 519 1083 508 1083 509 1084 508 1084 521 1084 510 1085 509 1085 522 1085 510 1086 522 1086 511 1086 511 1087 523 1087 512 1087 513 1088 512 1088 525 1088 514 1089 513 1089 526 1089 514 1090 526 1090 515 1090 515 1091 527 1091 504 1091 517 1092 516 1092 529 1092 517 1093 529 1093 518 1093 519 1094 518 1094 531 1094 519 1095 531 1095 520 1095 520 1096 532 1096 521 1096 521 1097 533 1097 522 1097 523 1098 522 1098 535 1098 524 1099 523 1099 536 1099 525 1100 524 1100 537 1100 525 1101 537 1101 526 1101 526 1102 538 1102 527 1102 527 1103 539 1103 516 1103 529 1104 528 1104 541 1104 529 1105 541 1105 530 1105 531 1106 530 1106 543 1106 531 1107 543 1107 532 1107 532 1108 544 1108 533 1108 533 1109 545 1109 534 1109 535 1110 534 1110 547 1110 536 1111 535 1111 548 1111 537 1112 536 1112 549 1112 537 1113 549 1113 538 1113 539 1114 538 1114 551 1114 539 1115 551 1115 528 1115 541 1116 540 1116 553 1116 542 1117 541 1117 554 1117 543 1118 542 1118 555 1118 544 1119 543 1119 556 1119 545 1120 544 1120 557 1120 546 1121 545 1121 558 1121 546 1122 558 1122 547 1122 547 1123 559 1123 548 1123 548 1124 560 1124 549 1124 549 1125 561 1125 550 1125 550 1126 562 1126 551 1126 551 1127 563 1127 540 1127 552 1128 564 1128 553 1128 553 1129 565 1129 554 1129 554 1130 566 1130 555 1130 555 1131 567 1131 556 1131 557 1132 556 1132 569 1132 557 1133 569 1133 558 1133 559 1134 558 1134 571 1134 559 1135 571 1135 560 1135 561 1136 560 1136 573 1136 562 1137 561 1137 574 1137 562 1138 574 1138 563 1138 552 1139 563 1139 564 1139 565 1140 564 1140 1 1140 565 1141 1 1141 566 1141 566 1142 2 1142 567 1142 567 1143 3 1143 568 1143 568 1144 4 1144 569 1144 569 1145 5 1145 570 1145 571 1146 570 1146 7 1146 572 1147 571 1147 8 1147 573 1148 572 1148 9 1148 574 1149 573 1149 10 1149 575 1150 574 1150 11 1150 575 1151 11 1151 564 1151</p>
        </polylist>
      </mesh>
    </geometry>
  </library_geometries>
  <library_controllers/>
  <library_visual_scenes>
    <visual_scene id="Scene" name="Scene">
      <node id="Camera" name="Camera" type="NODE">
        <matrix sid="transform">0.6858805 -0.3173701 0.6548619 7.481132 0.7276338 0.3124686 -0.6106656 -6.50764 -0.01081678 0.8953432 0.4452454 5.343665 0 0 0 1</matrix>
        <instance_camera url="#Camera-camera"/>
      </node>
      <node id="Lamp" name="Lamp" type="NODE">
        <matrix sid="transform">-0.2908646 -0.7711008 0.5663932 4.076245 0.9551712 -0.1998834 0.2183912 1.005454 -0.05518906 0.6045247 0.7946723 5.903862 0 0 0 1</matrix>
        <instance_light url="#Lamp-light"/>
      </node>
      <node id="Torus" name="Torus" type="NODE">
        <matrix sid="transform">1 0 0 0 0 1 0 0 0 0 1 0 0 0 0 1</matrix>
        <instance_geometry url="#Torus-mesh"/>
      </node>
    </visual_scene>
  </library_visual_scenes>
  <scene>
    <instance_visual_scene url="#Scene"/>
  </scene>
</COLLADA>